,Name,POS,Fantrax_Rank,Fantrax_ADP,Dollars,PA,HR,R,RBI,SB,OBP,SLG,OPS,wOBA
0,Shohei Ohtani ,DH,1,1.34,58.76338873,643.051,41.2721,112.641,104.503,33.7369,0.379135,0.581173,0.960308,0.402117
5,José Ramírez ,3B/DH,2,5.34,35.8144164,660.954,29.2284,94.1462,97.4523,30.3127,0.343512,0.495192,0.838704,0.354343
1,Juan Soto ,OF,3,5.53,47.9539871,673.715,34.4957,106.967,96.1859,8.37394,0.416133,0.52674,0.942874,0.403625
3,Kyle Tucker ,OF,4,8.41,37.58255081,640.255,29.9194,93.8193,93.6838,20.7026,0.371108,0.503059,0.874167,0.37335
6,Mookie Betts ,SS/OF,5,10.84,34.78494436,651.713,27.4913,100.642,90.3505,15.2469,0.367774,0.492918,0.860692,0.370146
8,Francisco Lindor ,SS,6,12.91,29.10357664,670.709,28.3735,98.0915,87.0348,24.4245,0.332041,0.459175,0.791216,0.341538
4,Vladimir Guerrero Jr. ,1B/DH,7,14.56,37.22010872,666.642,30.9035,92.5135,99.1209,4.27751,0.372837,0.51278,0.885617,0.377565
2,Yordan Alvarez ,OF/DH,8,17.92,42.34597587,590.786,36.069,88.9804,97.0128,3.18022,0.394133,0.58094,0.975073,0.409067
14,Ronald Acuña Jr. ,OF,9,25.02,25.6338095,519.512,20.9736,89.2686,62.0753,29.8324,0.376865,0.485712,0.862577,0.372946
18,Trea Turner ,SS,10,27.66,19.65602846,636.269,21.1874,91.6185,75.4673,23.3843,0.325913,0.446259,0.772172,0.333841
9,Kyle Schwarber ,DH,11,28.41,29.0923302,657.264,36.6198,96.3376,94.4117,4.24143,0.343991,0.462645,0.806636,0.348805
11,Rafael Devers ,3B,12,28.88,27.38112595,628.509,30.601,87.013,93.1478,3.69093,0.349889,0.501424,0.851313,0.36036
7,Matt Olson ,1B,13,30.54,30.07889291,665.094,33.3258,89.4168,100.713,0.581224,0.343031,0.478522,0.821552,0.351687
17,Manny Machado ,3B/DH,14,33.13,20.78111291,634.31,29.3309,80.2943,95.2533,8.14352,0.321856,0.465982,0.787838,0.33662
13,Austin Riley ,3B,15,34.32,25.66887859,648.822,31.5641,91.7519,91.5944,1.53791,0.336117,0.491644,0.827761,0.354355
10,Pete Alonso ,1B,16,39.76,28.7547386,659.219,35.6908,87.6395,99.5477,3.66115,0.329028,0.470509,0.799537,0.342698
29,Jose Altuve ,2B,17,41.91,14.33097595,624.899,19.0766,85.7216,65.3972,17.2748,0.336791,0.425542,0.762333,0.332708
15,Corey Seager ,SS,18,43.26,24.30978168,549.301,29.8398,76.7734,82.7518,1.62784,0.357034,0.524784,0.881817,0.372358
27,Ozzie Albies ,2B,19,51.33,14.75818192,624.37,21.2095,81.203,80.8064,11.8587,0.316267,0.440976,0.757243,0.326293
24,Willy Adames ,SS,20,55.7,14.99825893,642.342,24.7305,80.5041,83.0402,13.3681,0.317177,0.427631,0.744809,0.322738
20,Oneil Cruz ,SS/OF,21,55.73,19.26372054,613.046,25.1339,79.4975,81.0081,22.0052,0.319951,0.453927,0.773877,0.331879
39,Marcus Semien ,2B,22,56.03,12.46842614,655.788,20.842,91.5566,72.896,9.72499,0.317262,0.41311,0.730372,0.318317
16,Anthony Santander ,OF/DH,23,65.36,20.95584642,634.604,33.3316,80.5191,94.0173,2.21181,0.312582,0.470435,0.783017,0.335423
37,Adley Rutschman ,C/DH,24,67.92,12.90210103,613.301,19.8669,76.476,72.6472,1.70555,0.342362,0.424841,0.767204,0.333889
22,Josh Naylor ,1B,25,68.96,16.14349203,596.411,21.7471,73.25,90.5931,7.07902,0.330283,0.442219,0.772502,0.331223
19,Christian Walker ,1B,26,73.78,19.50885042,622.131,29.6685,78.3707,89.5831,4.93471,0.320857,0.451763,0.77262,0.332565
44,Brenton Doyle ,OF,27,79.25,10.74696739,596.372,20.9674,76.8188,67.7852,26.9903,0.301359,0.42314,0.724499,0.312755
33,Seiya Suzuki ,OF/DH,28,80.74,13.31260744,559.251,20.3003,72.25,71.2176,12.2008,0.345062,0.45143,0.796491,0.344229
23,Bryan Reynolds ,OF/DH,29,85.69,15.18174885,649.598,21.8833,79.7854,79.5599,8.98894,0.337336,0.439147,0.776483,0.33637
36,Lawrence Butler ,OF,30,86.62,12.92286119,591.6,24.2752,77.3329,69.3999,19.0995,0.308242,0.44451,0.752752,0.323868
58,Spencer Steer ,1B/OF,31,87.03,8.295337994,568.041,18.1297,67.6824,71.2046,15.9733,0.328748,0.419072,0.747819,0.326879
25,Ian Happ ,OF,32,88.93,14.89708786,645.869,21.6123,83.5437,77.2848,11.9254,0.338084,0.419911,0.757995,0.331541
28,Riley Greene ,OF/DH,33,94.19,14.74382187,609.487,21.916,79.8337,72.5085,6.04635,0.344432,0.454448,0.79888,0.345508
55,Yainer Diaz ,C/DH,34,94.54,8.69295824,543.333,19.7406,64.1914,73.8455,0.928491,0.313417,0.454196,0.767614,0.329175
137,Brice Turang ,2B,35,94.58,-1.9466203,566.566,7.689,64.4864,50.1121,37.0668,0.310394,0.348725,0.659119,0.291416
31,Matt Chapman ,3B,36,96.69,14.20106928,624.422,25.5501,81.1602,76.9787,9.28353,0.325513,0.443222,0.768735,0.332922
21,Mike Trout ,OF,37,99.68,17.16341991,462.985,27.3927,67.5408,65.0913,7.57773,0.356376,0.523152,0.879528,0.37423
42,Luis Robert Jr. ,OF,38,101.82,11.13487497,574.277,23.6912,73.9784,68.1972,23.3076,0.299755,0.434536,0.734291,0.315859
41,Christian Yelich ,OF/DH,39,102.35,11.36423746,521.532,15.1058,72.902,59.0368,21.231,0.364499,0.427498,0.791997,0.34547
26,Vinnie Pasquantino ,1B/DH,40,105.89,14.85814654,596.279,22.3968,71.1026,84.1665,1.58132,0.335947,0.459276,0.795224,0.341883
32,Alex Bregman ,3B,41,108.17,13.43326211,632.938,22.3783,81.3184,81.2046,2.79806,0.338334,0.440022,0.778355,0.338329
45,Salvador Perez ,C/1B/DH,42,108.47,10.55088044,584.926,24.3265,62.1701,85.7974,0.0964234,0.305572,0.438373,0.743945,0.318001
49,Will Smith ,C,43,112.97,10.25107004,503.203,19.3393,66.3267,68.3601,1.91131,0.340132,0.444386,0.784518,0.338739
34,Randy Arozarena ,OF,44,113.5,13.11156308,619.972,20.8075,78.7812,69.6294,21.4371,0.335275,0.40775,0.743026,0.327475
48,Cody Bellinger ,1B/OF/DH,45,114.25,10.38666957,574.519,21.257,73.7882,75.9425,12.3511,0.314617,0.432591,0.747209,0.320353
72,Junior Caminero ,3B,46,115.71,5.754349028,558.753,22.0378,64.9825,75.5426,4.4344,0.313644,0.441032,0.754675,0.324697
56,Brandon Nimmo ,OF,47,116.42,8.540199272,599.807,17.8314,77.9143,67.1094,8.13734,0.342548,0.411083,0.753631,0.331564
108,Anthony Volpe ,SS,48,118.24,1.507462904,610.123,14.2287,75.1851,59.7092,25.5417,0.299144,0.379988,0.679132,0.297066
30,Willson Contreras ,C/DH,49,119.06,14.24476759,559.264,22.0067,71.3701,68.528,5.86305,0.347908,0.436477,0.784385,0.343153
43,Adolis García ,OF/DH,50,120.1,10.86972636,607.118,25.2123,75.7687,83.8122,11.2479,0.297294,0.420283,0.717577,0.310281
89,Steven Kwan ,OF,51,122.95,4.40743345,639.651,8.48299,84.3844,54.751,16.6341,0.351106,0.383819,0.734925,0.324889
40,Matt McLain ,2B/SS,52,124.05,11.62636564,540.904,19.5374,72.5914,67.0713,17.2971,0.33235,0.445972,0.778323,0.337454
74,Luis García Jr. ,2B,53,131.4,5.690733437,555.351,16.2675,63.8408,66.8579,17.1101,0.312362,0.428438,0.740801,0.318597
94,Dylan Crews ,OF,54,132.18,3.790245144,573.879,14.9131,68.7979,61.2651,27.988,0.307327,0.393042,0.700369,0.306195
65,Eugenio Suárez ,3B,55,134.05,7.189701339,603.666,23.9933,71.4849,82.3156,1.76262,0.312935,0.419885,0.73282,0.318897
38,Jake Burger ,1B/3B/DH,56,138.3,12.52515509,583.042,31.1329,71.26,81.9132,1.34207,0.302337,0.470955,0.773292,0.330936
59,Ezequiel Tovar ,SS,57,139.04,8.025132737,642.259,21.8797,76.9804,76.6154,8.69115,0.294508,0.438731,0.73324,0.31449
139,Nico Hoerner ,2B,58,146.01,-2.006004342,526.626,6.05455,65.0302,47.3759,25.8105,0.332115,0.369912,0.702027,0.309925
61,Nick Castellanos ,OF,59,146.94,7.791580208,623.571,21.3821,73.7453,81.5007,6.52804,0.303921,0.423554,0.727474,0.31423
101,Bryson Stott ,2B,60,150.89,2.442296033,573.688,11.7939,67.6808,57.4253,26.4951,0.318233,0.381639,0.699872,0.306529
79,Xander Bogaerts ,2B/SS,61,151.32,5.16537444,604.777,15.618,71.5898,64.6445,13.6289,0.324611,0.402862,0.727473,0.317754
83,Bo Bichette ,SS,62,151.66,4.671909318,602.218,15.9986,72.8877,69.4212,8.91916,0.317946,0.419726,0.737672,0.319937
63,Shea Langeliers ,C,63,153.9,7.465917644,501.867,25.9532,58.5067,70.3618,3.4852,0.290816,0.449594,0.740409,0.317001
35,Taylor Ward ,OF,64,155.2,13.02879006,639.318,23.8434,80.2067,74.9804,6.45703,0.331334,0.431416,0.762749,0.332048
71,Jurickson Profar ,OF,65,156.43,5.978395675,604.872,15.6261,76.6234,64.6763,6.94753,0.346011,0.399272,0.745283,0.328506
54,Colton Cowser ,OF,66,157.96,8.710525986,554.01,20.8803,73.7473,67.5527,8.66929,0.329571,0.426516,0.756087,0.329017
76,Alec Bohm ,3B,67,158.13,5.62030402,611.796,15.9698,70.8449,81.0987,4.34363,0.325913,0.422059,0.747972,0.324216
93,Lane Thomas ,OF,68,161.88,4.017369245,542.598,16.1102,68.3675,60.9958,22.6022,0.30941,0.404712,0.714122,0.31122
47,Paul Goldschmidt ,1B,69,163.59,10.39497475,607.259,22.6487,73.385,73.9821,7.61413,0.320466,0.42398,0.744445,0.32334
103,Andrés Giménez ,2B,70,165.09,2.079860175,596.117,11.11,68.4667,59.4789,26.4305,0.316339,0.378398,0.694737,0.304716
51,Max Muncy ,3B,71,165.56,9.292742604,521.012,24.4798,71.4162,74.5608,1.95213,0.335187,0.43094,0.766127,0.333351
525,Max Muncy ,SS,71,165.56,-31.93522886,71.3608,1.46828,7.10806,6.74674,1.07827,0.279426,0.338967,0.618393,0.273765
153,Jackson Holliday ,2B,72,168.52,-4.67816297,466.841,11.1784,62.3083,46.9075,8.91692,0.324972,0.378559,0.703532,0.310538
68,Tyler O'Neill ,OF,73,168.56,6.510529305,477.385,23.9687,63.8349,62.8244,6.08814,0.32,0.450227,0.770227,0.332181
60,Dansby Swanson ,SS,74,169.04,7.969231674,622.809,19.26,77.5782,73.8501,15.0939,0.314469,0.400326,0.714795,0.312427
73,Zach Neto ,SS,75,173.26,5.748363525,497.997,18.1981,62.1411,60.0432,20.9314,0.319446,0.430906,0.750352,0.326283
91,Pete Crow-Armstrong ,OF,76,173.64,4.363026,534.991,14.252,67.1612,59.8131,31.4374,0.302132,0.404179,0.70631,0.305473
75,Logan O'Hoppe ,C,77,177.15,5.657211125,497.176,22.4574,59.7611,62.6238,2.71458,0.311336,0.437639,0.748975,0.324734
128,Xavier Edwards ,SS,78,177.45,-0.828844701,576.217,3.45745,68.7463,42.5756,36.1869,0.345458,0.36357,0.709028,0.313664
57,Michael Toglia ,1B,79,179.55,8.427020667,546.743,25.144,65.5978,68.5894,8.83319,0.307972,0.43599,0.743962,0.32134
88,Josh Lowe ,OF,80,181.09,4.481778806,508.032,16.2122,61.6615,60.7547,26.4498,0.308279,0.417982,0.726261,0.313167
87,Gleyber Torres ,2B,81,181.47,4.554692445,625.805,16.3822,74.6294,65.3796,7.28805,0.328347,0.396331,0.724678,0.318079
70,Jonathan India ,2B,82,181.83,6.036445712,590.26,13.8936,76.6094,57.9165,12.0954,0.347953,0.393183,0.741137,0.328756
66,Kerry Carpenter ,OF/DH,83,185.73,6.9634453,483.405,22.4593,59.4116,71.1654,2.83107,0.318605,0.472156,0.790761,0.338191
97,Jeremy Peña ,SS,84,188,3.143888012,634.426,14.9238,76.5279,66.6684,16.8174,0.308644,0.393058,0.701703,0.306101
107,J.T. Realmuto ,C,85,190.98,1.608216479,456.443,15.7378,56.6514,56.594,7.0422,0.314422,0.42597,0.740392,0.320768
111,Nolan Arenado ,3B,86,194.61,1,611.507,18.4736,67.8046,75.273,2.7449,0.310045,0.4051,0.715145,0.310054
152,Maikel Garcia ,2B/3B,87,194.89,-4.076569372,535.648,6.86308,64.8513,48.6908,27.3069,0.309334,0.362015,0.67135,0.295002
112,Masyn Winn ,SS,88,196.86,1,615.038,13.3777,78.6836,59.7033,14.499,0.308462,0.393388,0.70185,0.305567
81,George Springer ,OF/DH,89,197.35,4.97709762,591.996,18.5334,74.4836,64.7001,14.1373,0.316971,0.396867,0.713839,0.313202
123,Parker Meadows ,OF,90,201.52,0.141466519,539.782,14.9952,67.6104,52.5637,20.1472,0.307551,0.397736,0.705287,0.307225
115,Tyler Stephenson ,C,91,201.86,1,469.038,15.122,56.3352,59.2987,0.904584,0.328809,0.416626,0.745435,0.325202
102,Zack Gelof ,2B,92,202.36,2.283017819,574.823,19.5379,67.7768,59.2294,22.9859,0.287555,0.390308,0.677863,0.29536
64,Brandon Lowe ,2B/DH,93,202.36,7.265408336,482.099,22.4531,63.0305,66.4022,5.56027,0.317806,0.451903,0.769709,0.332134
180,Ceddanne Rafaela ,SS/OF,94,202.42,-8.699397094,432.657,11.2463,52.1155,49.8833,15.7336,0.279956,0.394234,0.67419,0.290927
98,Cedric Mullins ,OF,95,203.07,2.905371191,520.99,14.9509,65.6358,59.7442,27.4895,0.305866,0.391144,0.69701,0.304478
117,Tommy Edman ,OF,96,203.52,0.665204438,532.722,13.21,69.0806,55.783,23.0099,0.30579,0.391943,0.697733,0.303959
133,Alec Burleson ,OF/DH,97,208.07,-1.494046895,483.451,15.4333,56.2585,61.0549,6.29772,0.316058,0.420836,0.736893,0.319556
62,Isaac Paredes ,3B,98,208.91,7.778122763,593.879,22.3956,70.6041,75.9308,1.39879,0.337416,0.419293,0.756709,0.332136
96,Francisco Alvarez ,C,99,215.36,3.409847116,465.3,20.735,55.6732,63.1259,1.78928,0.310583,0.429287,0.739869,0.321216
46,Jorge Soler ,OF/DH,100,216.98,10.4098645,546.31,26.5482,70.3798,71.0645,1.0441,0.326404,0.452028,0.778432,0.337048
145,Josh Jung ,3B,101,218.25,-2.618273065,504.581,19.351,58.6496,62.3288,5.17455,0.29378,0.424447,0.718226,0.309954
121,Colt Keith ,2B,102,218.72,0.483009357,520.495,15.4766,60.43,61.3055,5.34478,0.319268,0.420425,0.739692,0.320322
86,Nathaniel Lowe ,1B,103,219.37,4.60246483,591.469,15.0572,67.9586,68.3368,1.8799,0.347907,0.398787,0.746694,0.329169
105,Luis Rengifo ,2B/3B,104,220.23,1.793302369,535.213,13.7742,65.2641,55.232,21.2869,0.314445,0.398042,0.712488,0.311234
92,Lourdes Gurriel Jr. ,OF,105,221.6,4.313509534,560.164,16.7824,66.1037,72.543,5.6998,0.318352,0.430068,0.748421,0.323677
77,Carlos Correa ,SS,106,221.92,5.599520497,516.303,17.8884,66.2869,63.6911,0.400597,0.347927,0.445448,0.793375,0.343374
67,Rhys Hoskins ,1B/DH,107,222.69,6.770007588,534.528,24.465,62.4679,75.4089,2.88357,0.309688,0.423237,0.732925,0.318989
50,Yandy Díaz ,1B/DH,108,222.95,9.545898763,613.805,16.4557,71.9124,67.9622,0.9702,0.360127,0.43003,0.790158,0.346145
78,Michael Busch ,1B,109,224.25,5.570031821,550.584,19.6921,68.207,68.3461,2.41304,0.324469,0.419164,0.743633,0.324444
130,Victor Robles ,OF,110,226.2,-1.200442967,505.395,7.62921,63.3073,41.5186,38.3341,0.32769,0.362585,0.690276,0.306964
114,Jake Cronenworth ,1B/2B,111,227.7,1,596.481,14.731,68.3624,66.7734,4.67259,0.321321,0.389127,0.710448,0.311954
146,Evan Carter ,OF,112,228.72,-2.704552998,454.344,12.8237,58.3073,48.7326,11.4867,0.330227,0.407483,0.737711,0.322536
100,Brendan Donovan ,2B/OF,113,229.59,2.461324461,568.802,12.0173,67.0976,59.949,5.69323,0.3487,0.40441,0.75311,0.331224
80,Byron Buxton ,OF,114,234.64,5.100600977,433.222,21.5939,61.2022,60.4544,7.66777,0.308879,0.474814,0.783693,0.33546
95,Ryan McMahon ,3B,115,236.23,3.446415572,622.075,20.1781,71.9213,69.1531,5.4079,0.322011,0.403259,0.72527,0.316652
85,JJ Bleday ,OF,116,237.1,4.641909562,597.153,20.6344,71.0089,65.6126,4.23732,0.322599,0.41622,0.738819,0.322519
124,Austin Wells ,C,117,247.32,0.058826772,468.111,17.805,50.2232,59.3944,3.25374,0.314227,0.416847,0.731074,0.318036
129,Jake McCarthy ,OF,118,248.01,-1.014066056,508.148,7.70445,65.2425,49.9446,27.8266,0.324742,0.381328,0.70607,0.310365
120,Nolan Jones ,OF,119,250,0.552154705,491.145,14.3391,58.2671,55.4622,11.3616,0.3395,0.412886,0.752386,0.328472
119,TJ Friedl ,OF,120,251.56,0.600537819,504.362,14.5473,62.3979,57.6571,16.1143,0.320357,0.399442,0.7198,0.315417
127,Tyler Fitzgerald ,SS,121,254.3,-0.81152536,532.292,16.4593,66.0911,56.4585,19.5298,0.292696,0.39321,0.685906,0.299212
144,Christian Encarnacion-Strand ,1B,122,255.78,-2.600791535,391.638,16.6125,46.856,57.19,1.87843,0.308825,0.451317,0.760142,0.326772
143,Willi Castro ,2B/3B/SS/OF,123,256.99,-2.369273739,537.179,11.2606,68.8348,50.7409,17.6927,0.317674,0.379794,0.697468,0.307313
84,Christopher Morel ,2B/3B/DH,124,261.34,4.647888588,518.152,22.534,61.9434,65.0146,8.83383,0.304546,0.427123,0.731668,0.316713
157,Trevor Story ,SS,125,261.52,-5.387748019,465.537,13.0909,53.0166,51.4543,19.058,0.301405,0.383287,0.684691,0.298275
90,Jesús Sánchez ,OF,126,262.53,4.384342175,535.428,19.5062,61.5353,66.4081,10.7457,0.316982,0.429601,0.746582,0.323136
134,Connor Norby ,3B,127,262.56,-1.654391716,548.677,16.8661,68.248,59.5666,8.99766,0.304567,0.403032,0.707599,0.308252
99,Lars Nootbaar ,OF,128,265.96,2.626161047,492.173,17.1357,59.9937,54.5185,8.71433,0.344472,0.428022,0.772494,0.33644
149,Giancarlo Stanton ,DH,129,267.42,-3.632261746,382.342,22.5258,43.9511,59.0393,0.123539,0.298217,0.459123,0.75734,0.324367
187,Connor Wong ,C,130,269.97,-9.444425956,398.212,10.5634,45.1411,42.2968,6.69974,0.298147,0.391028,0.689175,0.300544
106,Ryan Mountcastle ,1B,131,270.87,1.724690263,516.932,18.212,59.0573,66.8379,2.95613,0.309618,0.4294,0.739019,0.318675
138,Garrett Mitchell ,OF,132,277.02,-1.997413438,455.064,12.9953,57.0293,49.3051,20.3672,0.319627,0.395688,0.715315,0.314071
131,Sean Murphy ,C,133,281.02,-1.22208704,429.904,16.7644,50.3378,53.2895,0.468836,0.324432,0.41994,0.744372,0.325461
113,Wilyer Abreu ,OF,134,281.39,1,462.626,16.2247,59.1673,58.2748,9.48222,0.324805,0.424937,0.749742,0.326536
151,Jordan Walker ,OF,135,281.77,-4.05016874,512.367,15.1172,55.4167,57.9592,6.25441,0.309496,0.410155,0.719651,0.312835
172,Keibert Ruiz ,C,136,283.48,-8.018762513,485.287,13.523,47.2601,56.6092,3.04348,0.288423,0.383048,0.671471,0.292161
140,Ryan Jeffers ,C/DH,137,283.52,-2.048676703,411.354,16.8121,48.5262,51.8069,2.63135,0.312537,0.425296,0.737833,0.321038
193,Roman Anthony ,OF,138,283.82,-10.27824399,376.604,8.99768,47.1563,39.5101,8.55321,0.327895,0.39624,0.724135,0.317454
141,Gabriel Moreno ,C,139,283.95,-2.057682368,450.777,8.73164,51.245,53.4317,5.06459,0.348302,0.402984,0.751287,0.329865
135,Matt Shaw ,2B/3B/SS,140,284.43,-1.680446644,471.628,14.3261,56.1501,53.4665,17.3045,0.31648,0.402147,0.718627,0.313879
136,Nolan Schanuel ,1B,141,287.65,-1.876263218,560.051,10.4978,65.4914,51.8347,7.73921,0.349992,0.366286,0.716277,0.319877
53,Matt Wallner ,OF,142,289.09,8.78801585,507.238,23.9832,62.2844,66.4849,4.33146,0.336076,0.461373,0.797449,0.345228
69,Andrew Vaughn ,1B/DH,143,289.51,6.333848738,600.478,22.2708,63.7805,76.8764,1.14504,0.312189,0.430676,0.742864,0.321998
258,Spencer Torkelson ,1B,144,290.24,-17.66540282,257.367,9.19731,29.4533,30.1444,0.788597,0.305954,0.40012,0.706073,0.308707
150,Joey Ortiz ,3B,145,292.37,-3.676669696,549.492,11.9992,63.0132,60.1871,11.199,0.31615,0.391696,0.707846,0.309665
82,Joc Pederson ,DH,147,299.38,4.730766512,428.829,20.9442,57.1339,59.4124,4.30185,0.348448,0.470795,0.819243,0.352799
232,José Caballero ,2B/3B/SS,148,300.06,-15.25690479,308.333,6.23719,36.7329,27.7813,26.1729,0.297183,0.34444,0.641623,0.285153
169,Matt Vierling ,3B/OF,149,305.1,-7.674154331,479.527,11.7578,60.0194,47.365,7.07186,0.3148,0.398847,0.713647,0.311256
175,Otto Lopez ,2B,150,308.74,-8.52263556,463.1,6.4995,50.8462,41.4986,18.6284,0.319291,0.3812,0.70049,0.306662
147,Jeimer Candelario ,1B/3B/DH,151,311.37,-3.053723327,495.954,17.5972,57.3612,61.7982,4.5956,0.304061,0.420368,0.724428,0.313933
122,Brandon Marsh ,OF,152,311.46,0.284513395,490.856,14.1666,59.655,55.3612,15.9646,0.325611,0.406981,0.732592,0.319811
110,Jo Adell ,OF,153,313.35,1.321082669,469.782,21.5105,56.7102,60.1391,13.9286,0.291569,0.42789,0.719459,0.310475
160,Gavin Lux ,2B,154,314.72,-5.925789416,439.964,10.8429,54.9777,46.9245,5.59905,0.327374,0.400538,0.727912,0.318733
356,Noelvi Marte ,3B,155,315.89,-24.84632479,199.433,5.21189,22.0225,20.8581,6.4367,0.29099,0.3756,0.66659,0.290908
104,Daulton Varsho ,OF,156,316.68,2.078882234,551.304,20.4165,69.1364,64.4756,12.6227,0.292593,0.403342,0.695935,0.30262
132,Nolan Gorman ,2B,157,318.58,-1.260202206,444.63,21.0843,53.0215,59.5317,5.4614,0.292202,0.419789,0.71199,0.308069
167,Iván Herrera ,C,158,319.32,-7.20686738,369.825,8.68259,44.4131,38.523,5.43149,0.345877,0.398966,0.744843,0.32849
223,Kristian Campbell ,2B/SS/OF,159,319.59,-13.80463037,289.025,7.08199,36.3129,32.0447,8.21504,0.340097,0.409875,0.749972,0.328921
126,Luke Raley ,1B/OF,160,319.77,-0.778452918,454.414,18.9742,56.0249,56.2739,10.6114,0.304249,0.420978,0.725226,0.315639
125,Michael Conforto ,OF/DH,161,320.85,-0.233730766,470.521,18.7678,57.026,61.7974,1.68733,0.320432,0.423813,0.744246,0.323252
165,Spencer Horwitz ,1B/2B,162,322.15,-6.87928067,414.41,9.59529,47.9312,44.6498,2.13899,0.353067,0.407258,0.760325,0.334217
142,Carlos Santana ,1B,163,325.62,-2.208737956,547.072,17.8828,58.6091,64.1476,3.16444,0.310738,0.380978,0.691716,0.304503
218,Jonah Heim ,C,164,326.41,-12.9787098,387.096,11.6503,39.1773,46.1815,1.24541,0.282205,0.372904,0.655108,0.285873
116,Tyler Soderstrom ,1B,165,327.92,0.8574499,528.016,23.0362,56.8428,66.7693,0.951544,0.295042,0.425079,0.720121,0.310389
208,Jacob Young ,OF,166,329.55,-12.17149528,497.143,3.20799,58.1292,36.8608,30.2203,0.306383,0.324232,0.630614,0.281446
192,Joey Bart ,C,167,332.14,-9.921288352,367.046,11.5753,40.8658,44.969,0.724514,0.309447,0.386907,0.696354,0.306534
209,Hyeseong Kim ,2B/SS,168,339.26,-12.312911,420.505,4.92833,50.3697,39.9522,16.2165,0.316727,0.360789,0.677516,0.297663
367,Coby Mayo ,1B/3B,169,340.03,-25.59682259,167.288,5.79405,18.8847,19.5285,1.20104,0.302753,0.400313,0.703066,0.306323
163,Nick Gonzales ,2B,170,340.34,-6.693420951,465.593,9.68931,53.1075,50.9405,4.97932,0.319328,0.407322,0.72665,0.315989
158,Thairo Estrada ,2B,171,342.05,-5.442498342,467.32,11.892,55.5756,52.3177,10.9339,0.302342,0.397855,0.700197,0.304771
220,Josh Smith ,3B/SS,172,343.99,-13.19978771,378.469,8.78474,44.2478,37.6748,6.36903,0.325213,0.376632,0.701845,0.310845
181,Bo Naylor ,C,173,344.56,-8.721922431,394.868,13.5715,43.8324,44.306,6.37155,0.294761,0.379959,0.67472,0.295374
178,Heston Kjerstad ,OF/DH,174,346.65,-8.553411481,377.319,12.8666,45.1489,45.2522,2.69193,0.322426,0.424078,0.746504,0.323661
148,Jonathan Aranda ,1B,175,351.66,-3.452109434,400.068,15.0855,50.6852,48.5902,0.650012,0.334743,0.432977,0.767721,0.333759
194,Ke'Bryan Hayes ,3B,176,351.94,-10.28744626,521.942,10.2659,56.1186,49.6386,13.7293,0.302462,0.372839,0.6753,0.295251
118,Trevor Larnach ,OF/DH,177,352.88,0.600859525,471.496,17.5732,59.4534,59.3681,3.57554,0.327683,0.426094,0.753777,0.327578
189,Jeff McNeil ,2B/OF,178,353.54,-9.560800409,486.922,8.8226,54.2573,47.872,4.80312,0.319076,0.375914,0.69499,0.305781
195,Andy Pages ,OF,179,354.86,-10.3093147,324.624,12.3309,43.3198,39.9528,2.08569,0.316605,0.436106,0.752711,0.325652
155,Kyle Manzardo ,DH,180,356.14,-5.260945596,444.652,16.8742,51.9687,54.3835,1.34061,0.316632,0.427248,0.743881,0.322185
190,Alejandro Kirk ,C,181,356.81,-9.80142034,413.42,8.8042,38.2364,48.1197,0.323013,0.333824,0.381677,0.715501,0.315198
109,Josh Bell ,1B/DH,182,357.33,1.368009326,554.66,18.5866,59.8997,66.7417,0.590571,0.323246,0.408031,0.731277,0.319232
222,Patrick Bailey ,C,183,359.03,-13.62617975,430.484,8.9261,43.5861,44.4014,3.16099,0.295691,0.352334,0.648026,0.285667
161,Ryan O'Hearn ,1B/OF/DH,184,359.38,-6.190396563,398.304,13.0877,48.0368,50.9237,2.96178,0.322553,0.430446,0.752999,0.325268
183,Masataka Yoshida ,DH,185,360.39,-8.977956836,391.327,9.92346,45.3936,48.2642,2.81531,0.340995,0.420602,0.761597,0.332194
156,Michael Massey ,2B,186,361.92,-5.288456128,464.895,14.8335,52.5628,56.6851,4.15496,0.294495,0.417355,0.71185,0.306564
286,Bryan De La Cruz ,OF/DH,187,362.17,-20.0527117,254.06,8.04091,28.4248,30.1212,2.09175,0.29296,0.399739,0.692699,0.300286
182,Dylan Moore ,2B/3B/SS/OF,188,362.3,-8.946544753,379.064,10.3942,46.2814,36.4016,24.2324,0.311807,0.363122,0.67493,0.300569
279,Jordan Lawlar ,SS,189,362.95,-19.11603655,242.087,5.40309,30.1955,25.3014,10.1082,0.313888,0.378764,0.692652,0.304476
244,Jose Miranda ,3B/DH,190,364.27,-16.2893214,355.113,9.07334,37.8199,40.389,1.70445,0.307948,0.4058,0.713747,0.309879
185,Andrew Benintendi ,OF,191,364.37,-9.010835826,469.45,11.1091,51.1389,49.3547,5.67543,0.318565,0.38685,0.705415,0.308371
168,Jorge Polanco ,2B,192,367.82,-7.583068359,472.021,15.8934,49.3924,53.5195,4.14173,0.304021,0.378001,0.682022,0.29931
242,Starling Marte ,OF,193,369.41,-16.07558108,297.952,5.826,36.6208,30.1054,12.7001,0.317598,0.376278,0.693876,0.305229
206,Sal Frelick ,OF,194,369.62,-11.92011433,444.889,4.72862,53.2469,38.9686,16.1278,0.322218,0.355923,0.678141,0.300321
324,Brendan Rodgers ,2B,195,370.21,-22.50348747,228.072,5.44361,26.0216,23.9409,0.49132,0.298866,0.378943,0.677808,0.296486
188,Hunter Goodman ,C/OF,196,384.12,-9.475385415,311.522,13.6391,34.7371,44.6192,1.76077,0.282335,0.437535,0.71987,0.308544
351,David Hamilton ,2B/SS,197,385.92,-24.42723449,150.911,3.43599,19.42,13.4053,12.5355,0.29231,0.367528,0.659838,0.289888
219,Isiah Kiner-Falefa ,2B/3B/SS,198,386.17,-13.09824378,489.614,6.21088,54.1195,43.7155,14.1289,0.305791,0.352762,0.658553,0.289981
322,Dalton Rushing ,C,199,386.5,-22.33183824,149.419,4.78626,15.9056,18.0494,0.285669,0.315026,0.391801,0.706826,0.31032
196,Jhonkensy Noel ,OF,200,387.68,-10.79527439,364.912,16.1893,41.0058,47.7192,1.04156,0.285846,0.421021,0.706868,0.305576
186,Jesse Winker ,OF/DH,201,388.53,-9.226424095,407.832,10.3976,47.4867,43.0808,6.38087,0.343859,0.372591,0.71645,0.319815
261,Caleb Durbin ,2B/3B,202,391.35,-17.91252903,268.11,4.55635,30.4938,26.9961,13.1249,0.316073,0.356891,0.672964,0.29851
372,Luisangel Acuña ,2B/SS/DH,203,393.06,-25.84890888,183.247,2.94739,21.8412,16.2046,8.42178,0.286293,0.347199,0.633492,0.278047
200,Jacob Wilson ,SS,204,393.27,-11.28134955,490.561,6.18741,56.5046,45.1259,4.10422,0.322003,0.387,0.709003,0.309833
170,Jake Fraley ,OF,205,395.04,-7.699717477,403.635,9.42552,47.1823,42.5948,18.2989,0.323889,0.386392,0.710281,0.311917
259,Ernie Clement ,3B/SS,207,395.37,-17.72146893,331.415,7.17887,35.5986,35.7365,6.98317,0.291824,0.389173,0.680997,0.294859
166,J.P. Crawford ,SS,208,395.64,-7.185537188,555.421,11.2998,63.323,50.4051,4.21374,0.331794,0.35925,0.691045,0.308811
162,Danny Jansen ,C,209,395.82,-6.594586278,371.399,15.0543,42.7022,45.3431,0.367789,0.312942,0.412043,0.724985,0.316997
237,Brooks Lee ,SS,210,397.53,-15.61972307,410.632,8.34403,42.0405,45.7694,5.33286,0.295628,0.370248,0.665876,0.289688
353,Chase DeLauter ,OF,211,400.42,-24.63998737,164.286,4.49469,18.2302,19.2083,1.70746,0.313402,0.403411,0.716813,0.31179
445,Vaughn Grissom ,2B,212,402.64,-29.30821664,83.7242,1.09748,9.82917,7.81127,1.30298,0.323963,0.362736,0.686698,0.303998
176,Jose Siri ,OF,213,405.43,-8.546156885,393.557,16.4895,49.7821,46.3815,13.6184,0.266748,0.39558,0.662328,0.286852
211,Leody Taveras ,OF,214,406.59,-12.32125726,371.689,9.48387,44.0696,37.2979,13.8166,0.300705,0.387959,0.688664,0.300113
202,Pavin Smith ,OF,215,407.25,-11.38437043,330.207,11.374,39.4508,42.9259,1.96611,0.324484,0.412615,0.737099,0.321456
197,Alex Verdugo ,OF,216,408.24,-11.01620145,437.574,9.87609,50.4817,46.8575,2.50935,0.314961,0.390215,0.705177,0.307654
198,Endy Rodríguez ,C,217,409.24,-11.21072559,373.69,8.21867,43.1311,40.4129,2.20481,0.311711,0.391591,0.703302,0.307311
228,Travis d'Arnaud ,C,218,410.78,-14.50421471,269.524,10.3734,30.1633,34.0345,0.46309,0.294032,0.411855,0.705887,0.306447
204,Jonah Bride ,1B,219,411.8,-11.76036342,414.505,9.16498,43.5279,44.9142,1.02967,0.331768,0.369122,0.700891,0.31132
262,Freddy Fermin ,C/DH,220,412.33,-18.1354434,289.376,6.40701,29.7202,30.4274,0.988536,0.302624,0.372596,0.67522,0.295816
154,MJ Melendez ,OF,221,414.1,-4.905555251,473.475,16.7628,54.18,54.5716,4.76689,0.30338,0.412422,0.715802,0.310538
281,David Fry ,C/1B/OF/DH,222,414.28,-19.20546645,184.198,5.75128,20.446,22.0327,1.78067,0.321661,0.409851,0.731512,0.318742
309,Nick Yorke ,2B/3B/OF,223,417.8,-21.45385413,218.094,4.60351,24.3315,22.2291,5.78361,0.313417,0.375953,0.68937,0.301724
221,Miguel Amaya ,C,224,419.49,-13.42035759,335.606,9.52133,33.5031,39.2512,0.536557,0.312437,0.383899,0.696335,0.306331
214,Orlando Arcia ,SS,225,420.15,-12.74086929,496.213,14.1798,51.9375,51.2254,1.32015,0.288597,0.368579,0.657175,0.287715
230,Luis Campusano ,C,226,420.5,-14.78933854,301.523,8.7113,33.6603,36.647,0.331839,0.298178,0.390033,0.688211,0.300042
264,José Tena ,3B,227,423.48,-18.27502679,351.526,7.77414,37.2054,36.6365,8.51177,0.294108,0.375512,0.66962,0.292342
236,Edouard Julien ,2B,228,423.97,-15.59627975,315.769,8.24104,38.025,28.7667,4.75875,0.330604,0.368317,0.698921,0.311087
256,Jarred Kelenic ,OF,229,424.95,-17.39365077,265.692,8.37609,32.2668,30.2208,5.90615,0.302341,0.403987,0.706328,0.306029
171,Max Kepler ,OF,230,425.91,-7.947724573,447.323,13.7744,52.1748,52.1564,1.72344,0.309781,0.399846,0.709627,0.309913
179,J.D. Martinez ,DH,231,427.76,-8.636080586,398.742,15.1221,44.413,53.59,0.231639,0.310645,0.426058,0.736703,0.319213
226,Deyvison De Los Santos ,1B/3B,232,428.03,-14.25773047,360.14,13.3397,38.7807,45.3376,1.33743,0.288926,0.414027,0.702953,0.302187
217,Mitch Garver ,C/DH,233,428.27,-12.91278977,314.695,12.5229,32.6302,37.8382,0.13285,0.305914,0.383464,0.689378,0.304695
240,Richie Palacios ,2B/OF,234,430.05,-15.87258949,310.661,5.478,36.8603,27.7087,12.0002,0.329542,0.354656,0.684198,0.305
229,Kyle Higashioka ,C,235,431.41,-14.52105177,287.455,13.0151,29.8815,38.6228,1.47934,0.261419,0.403081,0.6645,0.286037
184,Geraldo Perdomo ,SS,236,432.48,-9.007531783,514.082,6.41031,63.8888,43.8634,13.9292,0.326757,0.344918,0.671675,0.29995
159,Mike Yastrzemski ,OF,237,432.89,-5.715110353,475.973,16.295,56.998,53.6764,3.4442,0.301395,0.403698,0.705093,0.306732
203,Brayan Rocchio ,SS,238,433,-11.72193271,518.989,7.91676,57.4117,47.4838,12.8106,0.307245,0.344227,0.651472,0.28923
164,LaMonte Wade Jr. ,1B,239,433.73,-6.738595741,434.674,11.8664,51.6804,41.7124,2.27841,0.350305,0.384292,0.734598,0.324957
314,Trey Sweeney ,SS,240,434.15,-21.78842528,270.963,6.77249,28.8251,27.8795,6.49489,0.28595,0.358857,0.644807,0.283037
177,Chas McCormick ,OF,241,434.9,-8.547567995,412.38,12.5556,49.1204,46.1012,11.8949,0.30644,0.382876,0.689316,0.302645
205,Jake Meyers ,OF,242,437.06,-11.88390229,425.431,11.1615,47.1402,46.1647,8.19272,0.297751,0.376861,0.674612,0.296015
224,Miguel Vargas ,3B/OF,243,437.39,-13.96919857,400.824,10.9558,45.018,40.5113,6.77394,0.309484,0.37519,0.684674,0.302044
278,Jace Jung ,3B,244,439.76,-19.09444386,355.499,8.45577,37.2465,36.0118,1.62642,0.3145,0.358903,0.673404,0.29928
306,Adrian Del Castillo ,C,246,440.96,-21.36577439,173.362,5.1028,18.9387,21.0406,0.875752,0.303239,0.388821,0.69206,0.302344
213,Seth Brown ,1B/OF,247,445.4,-12.52879759,349.553,14.4966,36.8834,43.8612,3.98414,0.287089,0.415797,0.702886,0.303467
174,Andrew McCutchen ,DH,248,450.98,-8.411683354,456.879,13.8894,52.3558,48.2779,4.87621,0.32651,0.382056,0.708566,0.313857
225,Jake Rogers ,C,249,451.01,-14.17947523,340.016,12.2729,38.0033,38.9569,1.20661,0.273547,0.376348,0.649895,0.283283
360,Colby Thomas ,OF,250,455.3,-25.2433745,170.961,5.48045,18.6177,19.1629,3.34602,0.274133,0.397754,0.671887,0.290497
377,Juan Yepez ,1B,251,455.48,-26.05998138,131.109,3.70998,14.1857,14.9928,0.802161,0.303149,0.391734,0.694883,0.303298
241,Harrison Bader ,OF,252,463.54,-15.94730557,328.408,7.62625,39.0256,35.2051,13.9812,0.287489,0.367577,0.655066,0.286023
366,Henry Davis ,C,253,465.64,-25.57558174,112.277,2.82671,12.0378,11.6132,1.83491,0.303793,0.35268,0.656473,0.291493
231,Justin Turner ,1B/DH,254,466.59,-15.05133626,330.48,7.17859,37.7825,37.8609,0.812439,0.328891,0.373562,0.702453,0.310824
293,Eloy Jiménez ,DH,255,467.31,-20.42932792,255.417,8.47378,26.1414,30.5477,1.09184,0.311242,0.41128,0.722522,0.313736
250,Kyle Stowers ,OF,256,467.93,-16.79075379,368.128,11.2784,37.4526,43.0665,1.2416,0.286109,0.376057,0.662166,0.289965
252,Will Wagner ,2B,257,468.86,-16.80211221,325.117,5.46794,35.8003,32.7291,2.26083,0.332104,0.379042,0.711146,0.313904
245,Christian Moore ,2B,258,469.7,-16.40589355,278.971,9.20017,35.5377,31.9301,3.84162,0.292787,0.395102,0.68789,0.299334
330,Esteury Ruiz ,OF,259,469.88,-22.80241396,164.198,2.99982,20.7332,14.3802,15.9753,0.30905,0.362542,0.671593,0.29661
251,Lenyn Sosa ,2B/3B,260,472.9,-16.79954579,381.427,10.6424,36.3996,40.7523,2.62451,0.280419,0.384147,0.664565,0.287502
247,Agustin Ramirez ,C,261,473.31,-16.62699432,241.274,7.50749,26.3427,27.9373,5.0078,0.301707,0.393529,0.695236,0.302617
234,Wenceel Pérez ,OF,262,473.97,-15.26162624,366.672,7.75383,43.1901,34.8382,9.39832,0.301982,0.37971,0.681691,0.298189
394,Ronny Mauricio ,2B,263,474.35,-27.1348577,112.07,3.29852,12.839,12.2237,3.0098,0.282492,0.386474,0.668966,0.289669
304,Edgar Quero ,C,264,475.27,-21.24016808,179.899,4.91409,17.7872,20.6964,0.894978,0.320416,0.387926,0.708343,0.311608
216,Kris Bryant ,1B/OF/DH,265,476.27,-12.87098723,413.287,10.841,43.5113,43.6057,0.639198,0.322398,0.383929,0.706327,0.312064
312,Kyle Teel ,C,266,477.6,-21.64985674,187.753,3.82117,21.3585,19.119,2.93668,0.316558,0.354261,0.670819,0.298254
227,Jordan Beck ,OF,267,478.74,-14.4965286,380.96,9.31345,40.8392,38.6423,9.76352,0.300562,0.379075,0.679637,0.297271
270,Paul DeJong ,3B/SS,268,479.51,-18.60873754,333.691,12.9955,34.6443,39.1255,2.19847,0.26278,0.371893,0.634673,0.276728
207,Mike Tauchman ,OF/DH,269,483.44,-12.13941156,382.473,8.03608,48.7481,35.8087,6.49032,0.34026,0.364698,0.704958,0.314867
429,Joey Loperfido ,OF,270,483.83,-28.67387152,129.858,2.9108,14.3294,13.1576,2.72815,0.281438,0.355512,0.63695,0.278405
308,Jared Triolo ,2B/3B,271,484.31,-21.4437551,253.657,4.47453,27.0695,24.0804,5.50317,0.315591,0.35417,0.669761,0.297387
254,Josh Rojas ,3B,272,487.31,-17.23203603,391.501,7.26621,43.6026,34.9922,10.59,0.309032,0.35116,0.660192,0.292224
307,Blake Perkins ,OF,273,488.18,-21.38982138,250.849,4.5132,29.0677,23.8919,10.7585,0.307013,0.340922,0.647935,0.28822
210,Hunter Renfroe ,OF,274,488.52,-12.31302463,392.593,13.7436,42.2515,47.1486,1.00684,0.29544,0.399044,0.694484,0.302811
243,Tyler Black ,1B/DH,275,490.93,-16.13317864,273.355,5.77967,31.8424,29.1668,10.6288,0.327146,0.366872,0.694017,0.308161
380,Ben Rice ,1B,276,491.63,-26.20830581,97.4974,4.20573,11.863,12.4555,0.860703,0.307909,0.411295,0.719204,0.31375
246,Alek Thomas ,OF,277,494.25,-16.50378316,311.287,7.16515,36.9972,34.4904,7.44548,0.299923,0.392867,0.69279,0.300898
173,Austin Hays ,OF,278,495.61,-8.247745604,427.846,13.366,49.4499,48.7964,3.65381,0.305527,0.418503,0.72403,0.313686
289,Will Benson ,OF,279,496.21,-20.11052183,210.254,6.98649,26.4403,22.0653,8.62186,0.305633,0.387961,0.693594,0.304651
191,Tommy Pham ,OF,280,498.49,-9.887768766,477.318,10.4639,53.6956,45.2833,9.60152,0.311946,0.375914,0.68786,0.302605
332,Thomas Saggese ,2B/3B/SS,281,502.71,-22.91244661,227.765,5.94428,25.4219,25.7785,2.6327,0.288822,0.38252,0.671342,0.292406
346,Korey Lee ,C,282,504.16,-24.0995202,221.765,5.88491,21.0279,21.3092,3.37722,0.252911,0.33938,0.592292,0.259006
481,Emmanuel Rodriguez ,OF,283,504.56,-30.34081658,58.9708,1.77412,7.80812,5.94658,1.36239,0.334121,0.389944,0.724066,0.321086
215,Yoán Moncada ,3B/DH,284,505.81,-12.78912045,446.438,11.6035,48.0752,46.1902,3.38973,0.308581,0.385954,0.694535,0.304483
414,Brett Baty ,3B,285,505.89,-28.03184473,156.703,4.38421,16.8604,16.875,0.415333,0.304449,0.363682,0.668131,0.295705
514,Nick Kurtz ,1B,286,505.98,-31.58685466,34.5137,0.934557,3.97027,3.13658,0.312727,0.289257,0.363486,0.652744,0.286595
257,Oswaldo Cabrera ,3B,287,507.42,-17.52245219,359.941,9.17993,41.864,37.3937,6.53734,0.291109,0.368604,0.659713,0.288996
235,Mickey Moniak ,OF,288,509.62,-15.31011406,324.884,12.1583,36.9671,38.3925,5.88754,0.272108,0.407702,0.679809,0.292598
199,Ty France ,1B,289,510.01,-11.2268626,414.294,10.1509,43.7639,43.4452,0.641101,0.32831,0.387169,0.715478,0.315864
275,Johan Rojas ,OF,290,510.53,-18.87601642,300.377,3.90072,36.7686,26.0379,19.8223,0.285517,0.348677,0.634195,0.27809
201,Kyle Isbel ,OF,291,516.91,-11.3261624,450.683,9.0318,56.1911,44.0306,12.2683,0.291166,0.371797,0.662963,0.289779
476,Adael Amador ,2B,292,517.58,-30.20360378,55.8745,1.3358,6.17951,5.61901,1.88095,0.311725,0.366463,0.678189,0.299699
248,Anthony Rizzo ,1B,293,519.63,-16.64457998,338.473,9.44922,35.911,35.9289,1.24635,0.309823,0.362582,0.672406,0.297707
299,Orelvis Martinez ,2B,294,520.67,-20.77819057,217.48,8.5492,23.5525,27.4751,1.02574,0.282236,0.399677,0.681912,0.294752
419,Samuel Basallo ,C/1B,295,522.63,-28.22324462,50.7724,1.44664,5.63119,5.60343,0.70312,0.296681,0.393013,0.689694,0.298669
282,Victor Caratini ,C,296,528.93,-19.35547645,230.986,6.33525,24.2817,25.1168,0.508356,0.314041,0.372601,0.686642,0.302032
527,Owen Caissie ,OF,297,538.24,-31.93716267,52.0984,1.23024,5.67735,5.4311,0.481948,0.302085,0.363031,0.665115,0.293116
269,Colson Montgomery ,SS,298,545.23,-18.59968178,417.444,9.97499,40.3387,38.3091,4.14831,0.296407,0.34195,0.638358,0.283541
291,Gio Urshela ,3B,299,547.84,-20.14272339,385.15,7.16906,36.2735,40.2241,1.02796,0.301096,0.372427,0.673523,0.293536
276,Mauricio Dubón ,1B/2B/OF,300,548.26,-18.88805511,364.741,5.83356,39.8881,35.9125,3.8991,0.289867,0.361487,0.651354,0.284059
268,Jacob Stallings ,C,301,548.55,-18.50312434,295.565,6.31913,28.3669,30.0713,0.529897,0.314525,0.357399,0.671924,0.298587
255,Ramón Laureano ,OF,302,549.74,-17.36036911,268.629,8.87336,31.7606,30.0095,6.90128,0.300743,0.398774,0.699517,0.305836
516,Marcelo Mayer ,SS,303,552.69,-31.68731073,49.0436,1.14865,5.67616,5.26631,1.25381,0.300565,0.387371,0.687936,0.299555
507,Zach Dezenzo ,1B/3B/DH,304,553.69,-31.39647345,71.9777,2.38097,8.51275,8.42026,0.761725,0.291605,0.392656,0.684261,0.298629
325,Amed Rosario ,2B/OF/DH,305,558.87,-22.55875685,237.207,3.15834,25.8992,22.811,7.39469,0.295197,0.368813,0.66401,0.289492
423,Max Schuemann ,3B/SS,306,561.12,-28.45557108,150.932,2.6133,16.6725,11.8145,4.4633,0.302869,0.320413,0.623282,0.280652
362,Drake Baldwin ,C,307,568.67,-25.25469839,126.735,2.70264,13.549,13.7999,0.302122,0.310878,0.353401,0.664279,0.295076
411,James Outman ,OF,308,574.59,-27.91694645,114.948,3.05076,15.0553,13.5704,1.74976,0.304813,0.341251,0.646063,0.289015
349,Carson Williams ,SS,309,579.36,-24.22516525,156.829,5.10856,18.8016,17.293,5.38148,0.29731,0.400421,0.697731,0.303421
572,Brady House ,3B,310,585.73,-33.44355331,53.6671,1.43139,5.51944,5.74339,0.365394,0.272696,0.354871,0.627568,0.275058
409,Bryce Eldridge ,1B,311,588.83,-27.87941524,106.604,2.95758,11.3837,11.7456,0.874617,0.294966,0.374345,0.669311,0.291444
239,Gary Sánchez ,C/DH,312,594.08,-15.70185332,248.321,10.4139,27.1252,32.4544,0.204578,0.295588,0.397619,0.693207,0.303281
544,Jonatan Clase ,OF,314,598.94,-32.26665239,41.0437,0.763376,4.88061,3.87874,2.50921,0.284323,0.331673,0.615996,0.273505
280,Juan Brito ,2B,315,603.72,-19.19121135,297.2,6.09824,31.3839,29.3152,4.43515,0.313919,0.362637,0.676555,0.29939
402,Addison Barger ,3B/OF,316,607.91,-27.65733854,151.838,4.42425,16.3084,17.3788,1.5691,0.293715,0.381655,0.675371,0.295304
397,Billy Cook ,1B/OF,317,608.79,-27.31673307,139.926,3.68297,14.8802,15.0747,4.13635,0.283547,0.367788,0.651335,0.284891
357,Jorge Mateo ,2B,318,610.39,-24.87985672,140.326,3.07604,18.3062,13.1423,9.92484,0.272108,0.369641,0.641749,0.278361
457,Bryan Ramos ,3B,319,611.68,-29.82360912,125.309,3.68837,12.7544,13.2997,1.01884,0.287923,0.370434,0.658357,0.288653
328,Pedro Pagés ,C,320,617.6,-22.71324863,203.069,5.18934,19.2547,21.7641,1.25684,0.287494,0.360137,0.647631,0.283949
300,Brandon Drury ,2B,321,620.24,-20.88722401,273.726,8.18689,27.8085,29.5958,0.838788,0.285633,0.378481,0.664114,0.290132
470,Shay Whitcomb ,2B/3B,322,629.46,-30.12475332,58.6126,1.91704,6.6294,6.76235,1.34898,0.280984,0.369235,0.650218,0.284661
338,Edmundo Sosa ,2B/3B/SS,323,634.55,-23.6068683,199.133,4.95418,23.6632,21.3267,4.12276,0.292892,0.387218,0.68011,0.296555
329,Santiago Espinal ,2B/3B,324,636.1,-22.71325971,237.451,3.56309,24.6061,24.2981,4.74774,0.308792,0.355696,0.664487,0.29272
277,Davis Schneider ,2B/OF,325,637.01,-18.99136116,231.963,8.17144,26.9185,26.2797,3.02275,0.307496,0.394267,0.701764,0.308536
482,Curtis Mead ,2B,326,638.99,-30.34522498,64.6312,1.31148,6.89128,6.39176,0.929458,0.303159,0.369439,0.672598,0.294545
417,Travis Bazzana ,2B,327,640.59,-28.08137325,148.076,3.25632,15.5805,13.9101,2.40092,0.280114,0.32149,0.601603,0.268326
326,DJ LeMahieu ,1B/3B,328,641.32,-22.56298595,334.138,5.76454,34.3506,31.0009,1.39912,0.315068,0.341958,0.657025,0.292685
271,Kyle Farmer ,2B/3B,330,645.71,-18.68648309,274.514,6.3564,30.7074,30.0055,3.26414,0.310773,0.382906,0.693679,0.303983
253,Carson Kelly ,C,331,647.45,-17.05594342,298.128,8.31327,30.3653,32.0946,0.682984,0.304475,0.365239,0.669715,0.296034
272,Sam Hilliard ,OF,332,649.08,-18.70194887,229.173,8.75536,28.4344,26.1941,6.28665,0.295007,0.410394,0.705401,0.30526
436,Moises Ballesteros ,C,333,650.87,-28.91376748,41.2752,1.14636,4.06108,4.61633,0.11624,0.304454,0.393611,0.698065,0.303316
335,Jose Iglesias ,2B/3B,334,651.98,-23.27170587,253.164,2.67414,26.9557,24.3729,2.72894,0.307049,0.36292,0.669969,0.29381
316,Enrique Hernández ,3B/OF,335,653.1,-22.07511694,277.48,7.56668,31.1632,31.5556,0.860227,0.289674,0.375948,0.665621,0.290765
334,Drew Romo ,C/DH,336,653.95,-23.22831559,208.285,3.84546,20.191,21.437,1.69999,0.28358,0.365242,0.648822,0.282509
389,Romy Gonzalez ,1B/2B/SS,337,654.65,-26.86455615,115.496,3.40709,13.7113,13.7648,4.85066,0.287822,0.400469,0.688291,0.297375
274,Elias Díaz ,C,338,655.73,-18.75306751,331.4,7.96269,30.4187,36.4548,0.160326,0.283681,0.355668,0.639349,0.279917
437,Gavin Sheets ,1B/OF/DH,339,674.98,-28.91530277,125.618,3.2545,12.0487,13.6489,0.294989,0.296785,0.369069,0.665854,0.291628
337,Zach McKinstry ,3B/SS/OF,340,682.18,-23.60443221,239.489,4.65241,26.1,20.1368,8.24209,0.293372,0.360799,0.654171,0.287449
344,Jacob Melton ,OF,341,684.21,-23.91513596,216.303,5.83058,23.77,21.4105,9.44123,0.267814,0.354131,0.621945,0.271934
456,Chandler Simpson ,OF,342,686.2,-29.77937628,76.4264,0.412742,9.35523,6.07199,7.18804,0.31992,0.338672,0.658592,0.291064
392,Justyn-Henry Malloy ,OF/DH,343,687.83,-26.91735935,139.681,4.25598,14.6567,14.2482,1.11008,0.31846,0.377126,0.695586,0.307937
294,Mark Canha ,1B/OF/DH,344,687.97,-20.51622571,262.998,5.03261,28.8353,26.6553,3.69045,0.337544,0.357718,0.695262,0.311478
233,Randal Grichuk ,OF/DH,345,688.53,-15.26044408,273.331,9.83013,33.6774,35.8395,0.953155,0.308007,0.434882,0.742889,0.32083
347,Ezequiel Duran ,3B/OF,346,690.9,-24.11779066,230.417,5.736,25.8031,23.6932,3.54362,0.290123,0.386983,0.677106,0.294343
301,Mitch Haniger ,OF/DH,347,691.18,-20.94112144,330.48,9.80527,32.5467,34.1305,0.382031,0.288763,0.353006,0.641769,0.284031
383,Miguel Rojas ,SS,348,693.1,-26.33640066,194.28,2.71288,21.308,18.1577,3.66269,0.304305,0.350735,0.65504,0.28884
509,Marco Luciano ,2B/SS/DH,349,694.51,-31.43365302,91.5365,1.50267,9.70138,7.69319,0.837005,0.297954,0.323716,0.62167,0.278398
287,Griffin Conine ,OF,350,696.69,-20.05531124,332.098,10.2769,33.5383,37.2023,0.76478,0.281012,0.358472,0.639484,0.281176
249,Tyrone Taylor ,OF,351,700.86,-16.66452556,293.995,8.9209,36.4479,33.2604,7.4881,0.28539,0.396645,0.682035,0.295848
310,Alex Call ,OF,352,704.83,-21.57721718,233.461,5.62248,25.9573,22.8587,6.46558,0.319381,0.360866,0.680247,0.303239
378,Zac Veen ,OF,353,705.37,-26.06142469,145.246,3.4048,16.5923,13.6548,7.06629,0.299658,0.37336,0.673019,0.294913
412,Tyler Locklear ,1B,354,708.46,-27.91838268,110.518,3.1988,11.5377,11.6499,1.13722,0.294156,0.36155,0.655707,0.288793
540,Anthony Rendon ,3B,355,708.86,-32.20982579,73.1713,1.14225,7.85082,6.42954,1.29912,0.328036,0.349329,0.677365,0.30267
305,Jerar Encarnacion ,1B/OF/DH,356,711.03,-21.30301562,216.885,7.74711,24.226,27.2378,2.61499,0.292152,0.396189,0.688341,0.29912
511,Rece Hinds ,OF,357,712.48,-31.47956648,55.6878,1.93789,5.97902,6.37153,1.61253,0.262411,0.373562,0.635973,0.27573
265,Dairon Blanco ,OF,358,714.9,-18.31002055,176.538,3.5894,25.7942,15.9751,25.89,0.305774,0.375835,0.681609,0.299285
288,Nick Fortes ,C,359,716.77,-20.07299404,355,7.27341,33.9083,32.7187,2.81416,0.276119,0.338083,0.614202,0.270514
363,Luis Matos ,OF,360,718.08,-25.26566742,192.733,4.37785,20.218,20.4437,2.49199,0.295899,0.378219,0.674118,0.293946
266,Rob Refsnyder ,OF,361,721.93,-18.42004945,234.068,6.19088,28.0508,27.0926,2.73673,0.344012,0.409361,0.753373,0.330808
260,Ramón Urías ,3B,362,722.62,-17.72690656,296.751,8.74701,34.5824,34.5245,1.51792,0.315654,0.400611,0.716264,0.313721
285,Ryan Bliss ,2B,363,723.45,-19.90623961,242.046,5.31883,28.1824,23.3052,14.8074,0.286311,0.347946,0.634257,0.280335
503,Scott Kingery ,SS/OF,364,724.12,-31.28805583,82.7436,2.3091,8.52709,7.50914,2.47184,0.259212,0.339477,0.598689,0.263079
298,Tirso Ornelas ,OF,365,726.03,-20.65107292,315.822,7.20596,32.8809,32.3114,3.59022,0.292148,0.364511,0.656658,0.287299
320,Christian Vázquez ,C,366,726.36,-22.26016298,294.791,5.59136,28.3133,27.8498,2.14424,0.273862,0.336084,0.609946,0.267631
395,Kevin Newman ,2B/SS,367,727.66,-27.22150674,222.149,2.17086,23.348,18.4663,4.96732,0.290139,0.3343,0.62444,0.274324
587,Dustin Harris ,DH,368,732.31,-34.52375337,24.3992,0.428692,2.58546,2.29655,0.89182,0.288781,0.331308,0.620089,0.274469
447,Casey Schmitt ,2B/3B/SS/DH,369,732.42,-29.35626058,110.47,3.02796,11.5122,12.0676,1.17828,0.281776,0.37509,0.656866,0.285638
361,Jack Suwinski ,OF,370,735.04,-25.24407228,137.318,5.18808,15.9986,16.297,3.31734,0.301935,0.397934,0.699869,0.304473
331,Chase Meidroth ,2B/3B/SS,371,742.93,-22.86506889,244.427,3.16312,27.2296,20.5625,4.06551,0.346272,0.342625,0.688897,0.311061
341,Whit Merrifield ,2B/OF,372,749.75,-23.73709486,203.068,2.65905,23.6919,17.5626,8.60263,0.30373,0.345155,0.648884,0.286655
382,Jon Singleton ,1B,373,750.21,-26.30944403,141.278,4.45478,15.2181,15.0167,0.0659972,0.303049,0.358797,0.661846,0.293414
303,Will Brennan ,OF,374,751.29,-21.13268317,273.677,4.51669,28.7675,27.0833,5.7341,0.310318,0.381038,0.691356,0.300677
292,Jose Trevino ,C,377,762.71,-20.29273397,243.374,6.36705,25.3282,27.3086,1.15741,0.286954,0.362014,0.648968,0.284835
212,Wilmer Flores ,1B,378,765.17,-12.50326908,368.959,11.7159,39.5712,42.9094,0.178129,0.310835,0.393503,0.704339,0.308084
586,Trey Lipscomb ,3B,379,766.29,-34.21538171,59.0617,0.422895,5.39601,4.78352,2.14413,0.273481,0.292964,0.566445,0.252506
297,Dillon Dingler ,C,380,768.74,-20.60681299,242.151,6.37206,24.2165,26.7808,1.59856,0.283624,0.364418,0.648042,0.284337
422,Johnathan Rodriguez ,OF/DH,381,774.42,-28.41440205,109.421,3.37397,11.9019,12.5426,0.685775,0.303509,0.385639,0.689148,0.301575
263,Connor Joe ,1B/OF,382,775.63,-18.26046383,318.016,7.77765,37.0026,30.3217,2.32115,0.31848,0.369049,0.687529,0.305292
365,Brooks Baldwin ,2B,383,777.02,-25.50299495,181.917,3.94862,18.4361,16.8337,5.13502,0.28785,0.357172,0.645022,0.28273
284,Matt Mervis ,1B/DH,384,777.07,-19.47839885,318.592,9.64231,30.5748,34.6149,1.12659,0.285847,0.362854,0.648701,0.285104
313,Donovan Solano ,1B/3B/DH,386,783.77,-21.69666961,352.771,5.83815,33.3996,33.5893,1.0504,0.318978,0.357082,0.67606,0.299828
499,Darell Hernaiz ,3B,387,784.81,-31.17049782,124.703,1.89233,12.099,11.2355,2.07977,0.294403,0.343782,0.638186,0.281163
438,Alan Roden ,OF,388,789.45,-29.01765153,95.1371,1.80439,10.931,9.8229,1.79211,0.329289,0.380046,0.709336,0.312379
376,Jake Bauers ,1B,389,791.59,-26.0566311,117.08,4.21285,13.0351,13.6249,3.4545,0.293568,0.368172,0.66174,0.292372
283,Miguel Andujar ,OF,390,791.77,-19.38919589,302.74,6.52286,31.6488,31.9263,3.57201,0.306011,0.388936,0.694947,0.302213
267,Chris Taylor ,2B/3B/OF,391,793.74,-18.44129719,271.826,6.8654,32.343,28.6502,6.63835,0.305426,0.358517,0.663943,0.294185
311,Derek Hill ,OF,394,811.33,-21.60751707,256.047,6.05359,28.5531,25.4699,7.44916,0.285378,0.376785,0.662163,0.288374
290,Javier Báez ,SS,395,812.06,-20.12286182,328.044,8.33846,34.0529,35.9666,6.98305,0.270507,0.359436,0.629944,0.274377
358,Eric Haase ,C,396,812.98,-24.88141414,138.008,4.54277,14.51,16.409,0.688905,0.267565,0.358045,0.62561,0.273597
388,Austin Martin ,OF,397,815.5,-26.7616384,162.353,1.40131,19.3236,12.6705,5.66772,0.331221,0.337429,0.66865,0.300045
390,Austin Barnes ,C,398,817.65,-26.87961612,145.73,2.12714,14.2792,12.1862,1.94304,0.293732,0.304247,0.597979,0.269568
370,Tyler Freeman ,OF,399,821.05,-25.66776715,156.199,2.87822,18.6258,15.0828,4.78126,0.322738,0.365847,0.688585,0.305269
569,Stone Garrett ,DH,400,822.69,-33.29652121,40.9827,1.06599,5.11124,5.2742,0.478691,0.293762,0.355053,0.648815,0.286397
529,Kevin Alcántara ,OF,401,824.05,-31.97956861,52.5625,1.15567,5.78014,5.47759,0.971739,0.291591,0.356123,0.647714,0.28497
407,Dylan Carlson ,OF,402,824.5,-27.84370752,135.521,3.06545,14.3574,14.0106,0.889016,0.31615,0.366453,0.682603,0.302981
379,Angel Martínez ,OF,403,827.46,-26.12475893,184.556,3.60313,19.5669,16.9753,3.03196,0.30567,0.366623,0.672294,0.295603
475,Andrés Chaparro ,DH,404,829.22,-30.19427808,98.4325,3.16111,10.3584,11.9381,0.367231,0.297819,0.390837,0.688656,0.300378
442,Vidal Bruján ,2B/SS/OF,405,830.11,-29.19924842,145.328,1.71148,16.7012,11.5875,4.59298,0.291248,0.318812,0.610061,0.27069
545,Aaron Schunk ,2B/3B/SS,408,833.24,-32.27450875,66.7118,1.09388,6.50562,6.0997,0.731401,0.27911,0.355258,0.634368,0.275581
424,Grant McCray ,OF,409,833.88,-28.51496916,124.283,3.12862,14.2539,11.3541,4.26328,0.276226,0.361648,0.637874,0.27923
452,Jeferson Quero ,C,410,833.91,-29.60609405,29.1857,0.851327,3.09083,3.27035,0.139121,0.287692,0.374307,0.661999,0.289651
350,Ben Rortvedt ,C,411,850.47,-24.36300185,229.578,4.07303,21.3098,21.3305,0.879533,0.293244,0.314113,0.607357,0.273501
405,Blaze Alexander ,SS,412,851.85,-27.82558517,160.594,2.75372,16.9487,15.665,2.50063,0.300651,0.346947,0.647598,0.287282
354,Taylor Walls ,SS,413,852.41,-24.74213877,225.871,3.63786,25.5208,18.3128,11.3873,0.292863,0.311915,0.604778,0.272357
439,Cole Young ,SS,414,854.32,-29.11706482,133.512,1.75052,13.8088,12.1547,3.02856,0.307536,0.3377,0.645236,0.287382
342,Jon Berti ,2B/3B/OF/DH,416,863.17,-23.75482875,185.644,2.63515,21.7182,15.2664,9.07382,0.316726,0.34635,0.663076,0.294564
517,Payton Eeles ,2B,417,866.4,-31.73885843,28.9664,0.540349,3.46977,2.55866,1.03773,0.318802,0.361183,0.679985,0.300661
399,Rowdy Tellez ,1B,418,866.96,-27.56371753,99.7009,3.89976,9.50199,13.0232,0.131981,0.290226,0.394461,0.684687,0.297377
336,Eguy Rosario ,3B,419,867.05,-23.53569528,219.283,6.88777,24.6092,24.0906,4.265,0.286995,0.386361,0.673356,0.293481
542,Denzel Clarke ,OF,420,867.83,-32.22242715,49.519,0.748748,5.43835,4.05823,2.679,0.28213,0.340146,0.622276,0.275492
323,James McCann ,C,421,868.01,-22.34682951,193.969,5.58654,19.985,21.6125,1.75197,0.278743,0.364793,0.643536,0.28128
449,Nathan Lukes ,OF,422,869.1,-29.50327949,102.466,1.59326,11.254,9.91329,1.35331,0.319677,0.371931,0.691607,0.303398
413,Brett Wisely ,2B/SS,423,870.19,-27.93967773,163.114,2.97659,17.3654,15.4381,2.95406,0.289389,0.349227,0.638615,0.281255
416,Daniel Schneemann ,SS/OF,424,872.42,-28.05244872,151.667,3.30243,15.3724,14.3227,2.61711,0.297609,0.351831,0.649441,0.287528
523,Tim Anderson ,SS,426,881.52,-31.91348317,111.518,0.768808,11.0701,7.76284,2.38736,0.286216,0.313209,0.599425,0.265326
463,Leo Jiménez ,2B/SS,427,882.69,-29.93476398,93.3829,1.98084,10.6029,9.43881,0.778682,0.31464,0.359439,0.674079,0.299338
333,Tom Murphy ,C/DH,429,886.3,-23.17619816,156.194,5.15886,16.3513,16.1851,0.480914,0.297614,0.386539,0.684153,0.299645
506,Ryan Noda ,1B,430,888.28,-31.30948972,40.685,0.921159,5.07621,4.44228,0.175146,0.304996,0.303405,0.608401,0.278161
52,Max Muncy ,3B,431,889.88,9.292742604,521.012,24.4798,71.4162,74.5608,1.95213,0.335187,0.43094,0.766127,0.333351
526,Max Muncy ,SS,431,889.88,-31.93522886,71.3608,1.46828,7.10806,6.74674,1.07827,0.279426,0.338967,0.618393,0.273765
296,Dane Myers ,OF,433,890.78,-20.60174724,245.751,5.6491,28.5319,26.1185,6.31784,0.307395,0.378161,0.685556,0.300873
355,Luis Torrens ,C,435,901.31,-24.8150479,156.358,4.03053,15.6788,16.6233,0.640787,0.281272,0.356064,0.637337,0.279607
315,Yasmani Grandal ,C,436,903.41,-22.03183094,200.316,5.20763,19.838,20.1342,0.833655,0.312434,0.354673,0.667108,0.296834
426,Kyle McCann ,C,437,904.23,-28.54284587,56.0841,1.86219,5.18867,5.77012,0.0226745,0.295864,0.367259,0.663123,0.290459
473,Manuel Margot ,OF,438,913.08,-30.15732147,88.0887,1.45633,9.81825,9.28102,1.75497,0.304699,0.364397,0.669096,0.294218
374,Oswald Peraza ,3B,439,913.45,-25.92776548,193.778,4.95291,22.0883,19.3003,6.18155,0.290356,0.347204,0.63756,0.282585
565,Zach DeLoach ,OF/DH,440,913.49,-33.13223936,44.4665,0.571266,4.4176,3.76214,0.736688,0.287127,0.311457,0.598585,0.267878
492,Jac Caglianone ,1B,442,915.83,-30.8761969,68.1102,1.45593,7.15155,6.66429,0.763323,0.267308,0.33224,0.599549,0.26343
546,Liover Peguero ,SS,443,918.53,-32.32958671,51.4475,1.10333,5.43662,5.18987,1.43445,0.273896,0.343584,0.61748,0.271185
273,Stuart Fairchild ,OF,444,921.46,-18.71366818,238.041,7.20055,29.9291,26.2493,9.16461,0.301916,0.384814,0.68673,0.301717
381,Luken Baker ,1B/DH,445,929.67,-26.28030217,117.848,4.40873,12.0629,15.1154,0.527515,0.298114,0.388867,0.686981,0.300012
568,Nicky Lopez ,2B/SS,446,930.8,-33.21776318,61.7431,0.0734766,7.27797,3.05346,1.02477,0.307984,0.278449,0.586432,0.266989
368,Matt Thaiss ,C,447,932.33,-25.63450108,149.311,3.02652,14.051,13.7547,1.49,0.308468,0.318216,0.626685,0.28301
515,Cooper Bowman ,2B,448,936.5,-31.68080165,37.8509,0.559865,4.39295,3.54215,1.77407,0.282878,0.318119,0.600997,0.268126
371,Rafael Marchán ,C,450,940.87,-25.6787466,138.674,2.45022,14.2683,13.3699,0.676912,0.302926,0.348076,0.651002,0.288734
487,Pedro León ,OF,452,943.16,-30.61080839,73.512,2.13282,8.42961,7.56564,3.05162,0.274821,0.344982,0.619803,0.274143
295,Trent Grisham ,OF,453,943.42,-20.58008513,223.457,8.19076,26.2165,25.3209,3.65943,0.304496,0.382725,0.687221,0.302888
343,Nelson Velázquez ,OF/DH,454,944.74,-23.78840137,159.27,6.34973,18.9908,19.8193,2.22438,0.29283,0.413861,0.706691,0.30568
401,Oscar Colás ,OF,455,945.45,-27.62783613,176.482,4.04146,17.5595,16.3189,2.424,0.287169,0.351695,0.638865,0.279432
555,Emmanuel Rivera ,1B/3B,456,947.8,-32.80177591,62.3849,1.63124,6.21005,6.65521,0.251737,0.293656,0.371366,0.665021,0.290893
554,Wade Meckler ,OF,459,962.16,-32.74049516,36.3796,0.398241,4.41042,3.15146,0.3145,0.326807,0.363368,0.690175,0.305628
532,Alexander Canario ,OF/DH,460,968.47,-32.00971366,46.9838,1.6835,5.08545,5.63357,0.631994,0.26957,0.366683,0.636253,0.278811
339,Sean Bouchard ,OF,462,973.88,-23.64702096,165.236,4.61716,19.9236,17.9217,3.66851,0.319244,0.407406,0.72665,0.317124
319,Adam Duvall ,OF,463,977.03,-22.20666052,225.192,9.52293,23.883,28.1752,0.938049,0.265435,0.396045,0.66148,0.286548
484,Austin Shenton ,1B/DH,464,980.28,-30.55243904,62.0392,1.7158,6.13161,6.79882,0.051483,0.288295,0.352926,0.641221,0.283808
571,Nasim Nuñez ,SS,465,983.16,-33.40817197,31.6565,0.110873,3.25738,1.75045,2.02231,0.307368,0.281328,0.588696,0.269016
502,Abraham Toro ,3B,466,987.5,-31.23391841,97.0894,1.9265,10.9135,9.50078,0.920143,0.300342,0.365853,0.666195,0.292721
573,Niko Kavadas ,DH,491,1529.44,-33.47573648,35.165,1.54661,4.26404,3.98699,0.155677,0.293587,0.37099,0.664577,0.294826
352,Luis Urías ,3B,494,1565.93,-24.62078689,229.679,6.46941,23.7482,24.8344,1.38465,0.305038,0.356239,0.661276,0.294964
490,Bobby Dalbec ,1B,495,1569.79,-30.75631164,60.2572,1.83998,6.16033,6.08358,1.16366,0.262998,0.335585,0.598583,0.26505
557,Kyren Paris ,2B/SS/DH,499,1594.62,-32.90560688,48.7017,0.741327,4.99672,3.87193,1.82483,0.27704,0.301447,0.578487,0.260396
536,Tim Elko ,1B,501,1598.2,-32.15556829,23.7579,0.724784,2.37427,2.53984,0.0318683,0.270782,0.368174,0.638956,0.278184
418,Drew Waters ,OF,503,1609.28,-28.10124386,115.37,2.44121,14.0696,11.1815,3.56451,0.301422,0.374979,0.676401,0.296553
238,Jason Heyward ,OF,504,1614.72,-15.67540023,324.564,10.2536,37.6087,37.174,4.36594,0.297629,0.388844,0.686473,0.298946
498,Elehuris Montero ,1B,505,1617.2,-31.16962701,33.4086,1.17902,3.61359,4.06114,0.0234342,0.296676,0.41067,0.707346,0.306065
317,Austin Slater ,OF,507,1622.69,-22.15049264,232.568,4.80163,27.7652,21.3491,4.6963,0.325992,0.356527,0.682519,0.304743
348,Andy Ibáñez ,2B,508,1625.5,-24.15821352,209.233,4.57815,22.0723,21.939,1.75705,0.292925,0.368772,0.661697,0.290135
478,Luke Keaschall ,2B/OF,511,1633.18,-30.3159459,51.6284,1.12429,6.2027,5.32578,0.99799,0.326406,0.37749,0.703897,0.311224
556,Eli White ,OF,513,1636.03,-32.90256362,27.882,0.548786,3.67772,2.56292,1.29398,0.292903,0.337519,0.630422,0.280573
500,Kevin Pillar ,OF,514,1638.7,-31.2084349,56.1405,1.79761,6.29966,6.16654,1.80986,0.280823,0.380336,0.661159,0.288861
441,Cavan Biggio ,2B,515,1638.73,-29.16257185,103.82,1.71391,11.9272,9.6145,0.896498,0.313762,0.319068,0.63283,0.28708
410,Gabriel Arias ,3B,516,1639.05,-27.90147188,164.498,3.96821,17.7157,16.1255,3.74266,0.286046,0.37077,0.656816,0.286774
494,Keston Hiura ,2B/DH,522,1664.29,-30.9745609,32.819,1.43996,4.01178,4.28278,0.180726,0.299462,0.428685,0.728147,0.315352
302,Joey Gallo ,1B,523,1670.82,-20.99077458,202.104,9.30639,22.5684,24.268,1.45452,0.292696,0.371911,0.664607,0.294784
340,Adam Frazier ,2B/OF,524,1673.88,-23.67098944,263.742,3.36753,28.2819,23.2693,4.53259,0.299958,0.336752,0.63671,0.282736
318,Oliver Dunn ,3B,525,1676.02,-22.18328173,268.674,6.26187,28.3622,27.8774,6.0043,0.305464,0.358503,0.663967,0.294317
433,Garrett Stubbs ,C,526,1677.45,-28.87498721,87.9275,0.912682,9.2939,7.16738,1.22642,0.285623,0.287587,0.57321,0.26021
387,Christian Bethancourt ,C,527,1679.05,-26.65300714,100.428,3.02136,10.7675,11.3127,1.36163,0.258605,0.36433,0.622935,0.270685
524,Jakob Marsee ,OF,530,1683.6,-31.92993984,58.4044,0.769109,6.43828,4.87734,2.81512,0.30325,0.301496,0.604746,0.275057
581,Nick Sogard ,1B/2B/3B/SS,534,1687.92,-33.57009232,21.9901,0.243506,2.604,2.26969,0.319741,0.307638,0.306909,0.614546,0.276859
396,Enmanuel Valdez ,2B,535,1688.11,-27.31121395,124.251,3.11003,13.7124,15.034,0.994096,0.287058,0.365041,0.652098,0.286163
403,Dominic Canzone ,OF,536,1695.03,-27.70566106,124.196,4.19653,13.9648,14.4549,1.29978,0.284753,0.381439,0.666192,0.289927
425,Nick Loftin ,2B,537,1696.84,-28.53020083,127.597,1.66611,13.2559,11.9303,1.82045,0.307752,0.332204,0.639956,0.285427
345,Carlos Narvaez ,C,539,1698.29,-24.02707147,191.344,3.94873,19.2472,18.7509,1.83536,0.295031,0.324517,0.619547,0.276999
420,Eric Wagaman ,3B/OF,540,1698.6,-28.31319728,149.928,3.73384,15.865,15.6332,1.87356,0.293298,0.385569,0.678867,0.295556
561,Blake Dunn ,OF/DH,542,1701.09,-32.99231277,30.7043,0.450566,3.85078,2.55508,1.59028,0.293775,0.306036,0.599811,0.269914
474,Daz Cameron ,OF,543,1701.72,-30.17964724,89.7265,2.21456,10.1553,8.45813,2.68018,0.282154,0.357301,0.639454,0.28064
428,Ildemaro Vargas ,2B/3B,544,1701.88,-28.64347797,198.747,0.8184,18.1165,17.5075,3.61469,0.287756,0.311653,0.599409,0.265466
435,Joey Wiemer ,OF,546,1706.96,-28.89022166,140.493,2.82163,14.7687,12.5999,3.48281,0.287284,0.335494,0.622778,0.276946
477,Kody Clemens ,1B/2B/3B/OF/DH,547,1707.56,-30.28951543,55.7602,1.92949,6.87151,6.9702,0.177323,0.2708,0.386093,0.656893,0.285197
393,Andruw Monasterio ,2B/3B,548,1708.23,-26.93093331,141.388,2.20687,15.0812,13.3981,4.43066,0.311033,0.333243,0.644276,0.288439
549,Dominic Fletcher ,OF,549,1710.85,-32.49301244,98.951,1.02398,8.78171,8.21313,0.289514,0.280086,0.313778,0.593863,0.262631
415,Blake Sabol ,C/DH,550,1713.56,-28.03474979,60.5587,1.50832,6.51998,6.67866,0.714014,0.302482,0.359055,0.661537,0.291921
590,Nick Madrigal ,3B,552,1725.49,-34.78076284,25.1793,0.101283,2.668,2.02024,0.445023,0.309519,0.319696,0.629215,0.281025
501,Tim Tawa ,2B/OF,553,1726.83,-31.22920687,45.2833,1.36283,4.81712,4.79418,0.478116,0.27883,0.372594,0.651425,0.284816
479,Nick Allen ,SS,555,1737,-30.32553056,134.239,1.23234,14.0065,10.7328,2.47928,0.29707,0.323287,0.620357,0.275868
480,Brett Sullivan ,C/1B,556,1738.86,-30.32694796,24.6038,0.328779,2.71065,2.56757,0.0762951,0.27261,0.300018,0.572628,0.255074
512,Tyler Wade ,3B/OF,557,1739.71,-31.53645011,125.672,0.69803,15.4923,7.98506,6.87678,0.283711,0.280986,0.564697,0.255232
534,Everson Pereira ,OF,559,1742.62,-32.10003922,40.8936,1.30208,4.5716,4.74898,1.10342,0.281154,0.375148,0.656302,0.286988
580,Brock Wilken ,3B,560,1743.84,-33.55994099,61.9917,1.77963,5.64583,6.46994,0.122042,0.268347,0.330236,0.598583,0.266
504,Cal Stevenson ,OF,561,1744.39,-31.29459933,59.4189,1.0578,7.15837,5.25015,2.13854,0.320397,0.337602,0.658,0.29522
408,Taylor Trammell ,OF,563,1748.28,-27.8791323,122.138,3.66321,14.219,12.9914,2.9398,0.293713,0.352526,0.64624,0.287021
547,Vinny Capra ,3B/SS,564,1749.2,-32.33130994,69.7939,0.786139,6.69589,6.26067,0.926723,0.297137,0.321363,0.6185,0.275924
386,José Abreu ,1B,565,1749.8,-26.55201481,145.093,3.77053,15.0489,16.2422,0.141768,0.294642,0.369123,0.663765,0.291505
444,Jose Herrera ,C,566,1750.95,-29.27372619,92.1525,0.819973,9.07131,7.31753,0.188162,0.286431,0.290155,0.576586,0.259967
321,David Peralta ,OF,569,1756.4,-22.28317612,262.362,5.43101,27.4384,27.7042,1.99347,0.303664,0.375892,0.679555,0.296573
384,Michael A. Taylor ,OF,573,1762,-26.34759706,187.279,5.2782,20.2595,17.8002,5.42781,0.270165,0.342214,0.612379,0.269647
430,Weston Wilson ,OF,575,1765.84,-28.73419382,90.6249,3.08587,10.5193,10.0438,2.88855,0.29618,0.384826,0.681006,0.297245
579,Brett Harris ,3B,577,1768.1,-33.54033203,65.4958,1.0638,6.75178,5.88493,0.380039,0.293174,0.31648,0.609654,0.273989
559,Grae Kessinger ,1B/2B/3B/SS/DH,579,1770.6,-32.93063831,53.3686,0.848983,5.51663,4.58556,0.772801,0.28124,0.306357,0.587596,0.26328
453,Sam Huff ,C,580,1776.12,-29.71351162,43.5312,1.07084,3.89919,4.46694,0.0259602,0.26634,0.338212,0.604551,0.265704
391,Javier Sanoja ,2B/SS/OF/DH,585,1783.04,-26.90193743,174.307,1.85838,17.4179,16.2698,4.17919,0.311591,0.370931,0.682522,0.298019
485,Greg Jones ,OF,587,1787.12,-30.57784305,71.8059,1.83564,8.71136,6.53407,3.78918,0.280805,0.345945,0.62675,0.27727
427,Jake Mangum ,OF,589,1790.84,-28.62297044,153.924,1.71359,15.8989,14.1153,4.05396,0.289747,0.350785,0.640531,0.280675
369,Alex Jackson ,C,590,1791.32,-25.66751193,133.359,4.63459,13.7971,14.5395,0.814127,0.256711,0.351589,0.6083,0.266538
406,Liam Hicks ,C/1B,591,1795.92,-27.83645382,101.537,0.992045,9.44176,8.62074,0.842983,0.320174,0.318193,0.638368,0.288194
385,J.D. Davis ,1B,592,1799.03,-26.53335208,142.206,4.16731,14.8391,14.8297,0.151354,0.301959,0.364363,0.666322,0.294845
448,Austin Hedges ,C,593,1802.53,-29.49633557,190.631,3.07387,15.5329,15.7929,1.85447,0.23865,0.264852,0.503503,0.225988
488,Gage Workman ,3B/SS,594,1806.11,-30.72024603,77.8219,1.74958,8.69117,8.00044,2.48975,0.279437,0.360071,0.639508,0.279744
576,Oscar Gonzalez ,OF,595,1814.44,-33.52724555,20.4958,0.408529,2.39172,2.41881,0.0703814,0.27871,0.348956,0.627666,0.274102
530,J.C. Escarra ,1B,597,1818.37,-31.98030198,33.8653,0.654261,3.42731,3.24556,0.0981485,0.289011,0.333539,0.62255,0.277093
510,Leo Rivas ,SS,600,1837.64,-31.46207289,82.0157,0.745871,8.82592,5.55657,3.76937,0.313814,0.286393,0.600206,0.275438
486,Graham Pauley ,1B/3B/DH,601,1847.06,-30.57945223,113.83,2.81794,12.0269,11.9019,1.35678,0.289908,0.353316,0.643224,0.28335
454,Corey Julks ,OF,602,1852.99,-29.72767227,102.844,2.15986,11.0752,9.23357,3.30048,0.292689,0.353962,0.646651,0.284751
446,Curt Casali ,C,603,1854.94,-29.31622715,66.2861,0.777392,6.6743,5.86666,0.0758136,0.297405,0.294983,0.592388,0.26953
520,Buddy Kennedy ,2B/3B/DH,605,1860.49,-31.81159568,37.1742,0.634849,3.9605,3.49956,0.306735,0.311794,0.339842,0.651637,0.290291
375,Riley Adams ,C,606,1863.67,-25.99833714,120.2,3.27506,11.4391,12.3621,0.664303,0.291584,0.361057,0.652641,0.287358
541,Myles Straw ,OF/DH,608,1865.46,-32.21638937,72.612,0.143168,7.35495,4.91516,4.9257,0.283597,0.282936,0.566533,0.254132
471,René Pinto ,C,612,1893.6,-30.14262618,21.2625,0.560801,2.50505,2.691,0.0446804,0.257524,0.330365,0.587889,0.258216
543,Brandon Lockridge ,OF,613,1894.3,-32.23295065,43.8301,0.676127,5.06281,3.57859,3.10491,0.288168,0.324668,0.612836,0.272965
469,Jared Serna ,2B/SS,614,1900.81,-30.09971394,104.043,1.96429,10.835,10.2007,2.11599,0.291195,0.35334,0.644536,0.283436
327,Eddie Rosario ,OF,615,1917.84,-22.63846938,247.454,7.54354,27.1477,28.2139,4.19687,0.265996,0.368836,0.634832,0.275221
440,Nick Gordon ,OF,616,1919.6,-29.16074276,136.168,2.86028,14.5287,13.3792,2.60918,0.268398,0.355466,0.623864,0.271167
432,Jhonny Pereda ,C/1B,617,1923.38,-28.84999362,88.8758,1.13214,8.0656,7.00955,0.105344,0.30102,0.317181,0.618202,0.277145
548,Garrett Cooper ,1B/OF/DH,618,1936.81,-32.48808186,39.3824,0.885025,4.68368,4.81517,0.0270463,0.300587,0.346423,0.64701,0.28731
400,Garrett Hampson ,2B/OF,622,1954.27,-27.58550389,185.15,1.33352,18.5811,14.469,6.01866,0.291983,0.321726,0.613709,0.272193
404,Drew Millas ,C/DH,624,1959.43,-27.77667047,72.3491,1.39458,7.41748,7.08674,1.83277,0.299145,0.352538,0.651683,0.287472
522,Mickey Gasper ,1B/2B/DH,626,1963.6,-31.85985531,30.0579,0.578083,3.29966,2.88053,0.147551,0.329478,0.36613,0.695608,0.309763
472,DJ Stewart ,OF/DH,630,1983.6,-30.15464457,79.9043,2.17861,9.63727,9.62428,0.375905,0.310758,0.338483,0.649242,0.292049
461,Jair Camargo ,C/DH,631,1984.6,-29.87499488,30.12,1.04784,2.88595,3.1632,0.0596268,0.254975,0.363661,0.618636,0.268586
434,Chadwick Tromp ,C,632,1991.6,-28.88151283,66.8414,1.28988,6.58,7.10401,0.0522165,0.276615,0.333858,0.610473,0.269764
537,Victor Mesa Jr. ,OF,637,2029.6,-32.16316103,67.0847,1.34908,6.44827,6.47483,0.771846,0.276199,0.341821,0.61802,0.271229
497,José Fermín ,2B/3B/OF/DH,638,2033.6,-31.11614433,47.3227,0.67304,6.00542,4.47678,1.14002,0.314371,0.319883,0.634254,0.286117
558,Akil Baddoo ,OF,639,2039.6,-32.90686358,30.8287,0.74139,3.62382,2.53385,1.09545,0.289653,0.352777,0.64243,0.283067
539,Jorge Barrosa ,OF,640,2042.6,-32.19757876,52.0157,0.621235,6.40699,5.47701,1.12373,0.297549,0.31346,0.611008,0.273742
489,Nick Senzel ,3B,644,2068.6,-30.75558132,104.165,2.63014,11.7748,9.75949,1.53806,0.298718,0.355532,0.65425,0.289844
528,Alika Williams ,2B,647,2090.6,-31.97942333,60.2088,0.599425,6.05921,4.50178,0.716298,0.279056,0.312582,0.591639,0.262772
459,Logan Driscoll ,C,649,2097.6,-29.87223214,31.6772,0.748555,3.14908,3.12494,0.0514911,0.277226,0.357119,0.634346,0.277695
535,Bligh Madris ,1B,650,2103.6,-32.12405316,30.5377,0.623067,2.99403,2.73712,0.417764,0.27956,0.330109,0.609669,0.269965
505,Nick Maton ,2B/3B/DH,651,2115.6,-31.30613467,49.6362,1.11946,5.68337,4.93848,0.0983726,0.294326,0.339508,0.633834,0.282421
513,Isaac Collins ,2B/OF/DH,653,2127.6,-31.57909536,43.1526,0.476435,4.62874,4.33636,1.47446,0.304502,0.300861,0.605363,0.273545
560,Max Acosta ,2B/SS,654,2128.6,-32.98459554,33.1199,0.534877,3.42776,3.10039,1.25642,0.290672,0.352616,0.643287,0.282408
550,Michael Helman ,3B/OF,656,2135.6,-32.50852654,69.3113,1.88241,7.2618,6.83603,1.92964,0.272912,0.3537,0.626612,0.275495
566,Miles Mastrobuoni ,2B/3B/SS/OF,657,2143.6,-33.13773799,52.526,0.313438,5.32665,3.64898,1.86803,0.289006,0.287125,0.576131,0.259803
538,Travis Jankowski ,OF/DH,659,2150.6,-32.163738,73.4882,0.191533,7.50251,5.26494,3.56786,0.303841,0.28276,0.586602,0.266936
518,Luke Williams ,2B/3B/SS/OF/DH,660,2152.6,-31.77742868,57.9043,1.05917,6.72296,5.48235,3.25572,0.271835,0.324783,0.596618,0.264236
562,Jacob Hurtubise ,OF,661,2158.18,-33.08344434,31.1342,0.182127,3.83263,1.97004,1.54651,0.329778,0.286627,0.616405,0.283192
564,Brewer Hicklen ,OF,662,2163.6,-33.1296644,20.6747,0.633393,2.30443,2.2695,1.19683,0.286617,0.347091,0.633708,0.28115
450,Luke Maile ,C,664,2172.6,-29.52348143,51.1276,0.818317,5.02302,4.78886,0.296004,0.286366,0.314822,0.601187,0.269876
373,Robbie Grossman ,OF/DH,670,-,-25.89083439,184.379,3.99204,19.9496,17.1324,1.89885,0.321558,0.3464,0.667958,0.29931
421,Yan Gomes ,C,671,-,-28.31520523,72.6537,1.75031,7.12324,7.89053,0.214038,0.274177,0.355695,0.629871,0.275206
495,Yuli Gurriel ,1B/DH,673,-,-30.98772405,54.4371,1.21716,5.39182,5.29708,0.524278,0.288938,0.357534,0.646472,0.283454
519,Miguel Sanó ,1B/3B/DH,674,-,-31.78344607,66.7311,2.55624,7.63921,7.74049,0.14528,0.295324,0.382958,0.678282,0.298745
443,Matt Carpenter ,DH,675,-,-29.21217974,132.76,4.07168,13.4657,14.7338,0.579515,0.301525,0.355146,0.656671,0.292448
567,Nick Ahmed ,SS,677,-,-33.18712216,55.2005,0.673124,6.11517,5.32608,0.465936,0.261693,0.29072,0.552413,0.245776
575,Joey Wendle ,2B/3B/SS,678,-,-33.52646089,44.0745,0.24792,4.34065,3.65759,0.735017,0.272777,0.310872,0.583649,0.257333
496,Aledmys Díaz ,1B/2B/3B/SS/OF,680,-,-31.046832,107.287,2.23641,10.1955,10.3428,0.33862,0.276622,0.348377,0.624999,0.273761
359,Ben Gamel ,OF,682,-,-25.01484141,202.388,4.11856,23.5397,18.6584,1.47041,0.317737,0.354271,0.672007,0.298338
398,Tyler Heineman ,C/DH,683,-,-27.42024911,151.573,2.02166,14.0863,11.7794,2.22881,0.288866,0.293854,0.582721,0.264418
508,Luis Guillorme ,2B,685,-,-31.41594733,88.1119,0.257916,8.35375,6.01455,1.35565,0.312036,0.290221,0.602256,0.273062
574,Matt Duffy ,3B,688,-,-33.51349821,95.4246,0.837495,8.67563,7.17674,0.533855,0.301035,0.307026,0.608062,0.273487
563,Edward Olivares ,OF,689,-,-33.12716303,24.6591,0.523802,2.81231,2.55355,0.427794,0.303828,0.374018,0.677846,0.296815
483,Reese McGuire ,C,691,-,-30.55092178,32.9248,0.279478,2.67241,2.66987,0.21924,0.271665,0.296878,0.568543,0.253519
582,Osleivis Basabe ,SS,692,-,-33.71875493,22.0948,0.211861,2.37117,2.04433,0.292147,0.291498,0.332512,0.62401,0.275554
462,Omar Narváez ,C,697,-,-29.91586356,58.0125,0.732154,5.05189,5.12515,0.0568806,0.280882,0.294675,0.575557,0.259125
455,Jason Delay ,C,698,-,-29.77402177,74.0659,0.51374,6.53748,6.13467,0.292688,0.282765,0.29703,0.579795,0.259851
458,Max Stassi ,C,701,-,-29.85102828,36.3641,0.895117,3.53684,3.33647,0.0768648,0.282406,0.324473,0.606879,0.271587
589,Mike Brosseau ,3B,703,-,-34.68764791,27.8214,0.591388,2.36805,3.19939,0.0454381,0.282207,0.319283,0.60149,0.268423
552,Tyler Gentry ,OF,704,-,-32.65430892,46.0126,0.984442,4.81089,4.4809,0.276359,0.289593,0.343879,0.633472,0.281125
431,Nick Pratto ,1B,706,-,-28.76337638,107.781,2.52527,11.5911,10.471,1.17549,0.288007,0.344476,0.632482,0.279678
578,Bryce Johnson ,OF,708,-,-33.5395192,38.2831,0.211155,4.02584,2.36228,1.41633,0.282437,0.2755,0.557937,0.253087
493,Tucker Barnhart ,C,709,-,-30.8920988,22.6383,0.142704,2.51362,1.20669,0.0896443,0.263335,0.243739,0.507073,0.231844
551,Michael Stefanic ,2B,710,-,-32.54335466,40.8463,0.119048,3.65142,2.94648,0.155772,0.314564,0.294819,0.609383,0.276253
583,Ryan Kreidler ,SS,720,-,-33.8406568,26.4144,0.362256,3.15508,2.23869,0.755156,0.252784,0.254498,0.507282,0.231253
521,David Villar ,1B/DH,725,-,-31.84274122,31.9359,0.86673,3.24659,3.4197,0.0443109,0.280033,0.353642,0.633675,0.278778
553,Darren Baker ,2B/OF/DH,731,-,-32.66110872,28.3138,0.0651624,2.82487,1.93648,0.862139,0.29371,0.298275,0.591986,0.264299
468,Austin Wynns ,C,734,-,-30.09715709,29.0977,0.422983,3.07202,3.18372,0.0753483,0.282965,0.308652,0.591617,0.2643
460,Seby Zavala ,C,740,-,-29.87431113,45.6821,1.01564,4.23243,4.17793,0.0802053,0.26236,0.321624,0.583984,0.259299
464,Tomás Nido ,C,741,-,-29.95591529,56.9997,0.885264,5.31455,5.07031,0.0913477,0.255131,0.313924,0.569055,0.249638
592,CJ Alexander ,3B/DH,745,-,-34.92172861,22.3863,0.441056,2.41224,2.42247,0.123365,0.253646,0.313047,0.566693,0.249645
591,Luis De Los Santos ,1B/3B/OF,747,-,-34.88895418,28.3833,0.565628,2.71641,2.42427,0.107811,0.268055,0.314036,0.582092,0.259149
451,Martín Maldonado ,C,748,-,-29.56526553,55.8727,1.73191,5.27497,5.58067,0.0998493,0.241205,0.3149,0.556106,0.246155
533,Darick Hall ,1B/DH,2965,-,-32.08729857,26.9029,0.792127,2.44988,2.87684,0.0524978,0.277121,0.357434,0.634555,0.278047
570,Petey Halpin ,OF,2969,-,-33.35697442,25.6347,0.66679,2.73398,2.5568,0.17573,0.279418,0.354289,0.633707,0.278586
585,David Hensley ,1B/3B/OF/DH,3042,-,-34.20043677,58.0986,0.676434,6.36538,4.37111,1.11688,0.276707,0.284433,0.56114,0.254304
364,Luis Matos ,OF,3947,-,-25.26566742,192.733,4.37785,20.218,20.4437,2.49199,0.295899,0.378219,0.674118,0.293946
577,Danny Mendick ,3B,4080,-,-33.52756173,68.0255,1.42241,6.55251,5.96936,1.54272,0.262658,0.326515,0.589173,0.259916
531,Kameron Misner ,OF,4171,-,-31.98603904,65.4311,1.37172,6.83261,5.96184,1.80896,0.280388,0.314665,0.595053,0.26702
465,Carlos Pérez ,C,4736,-,-30.08858198,26.9499,0.779098,2.43255,3.04168,0.00321058,0.263931,0.338471,0.602402,0.264866
466,Carlos Pérez ,C,4737,-,-30.08858198,26.9499,0.779098,2.43255,3.04168,0.00321058,0.263931,0.338471,0.602402,0.264866
467,Carlos Pérez ,C,4738,-,-30.08858198,26.9499,0.779098,2.43255,3.04168,0.00321058,0.263931,0.338471,0.602402,0.264866
588,Harold Ramírez ,DH,4994,-,-34.67695064,23.3974,0.320817,2.30259,2.36919,0.29859,0.296293,0.351451,0.647745,0.284364
584,Zach Remillard ,2B/3B/SS/OF,5065,-,-33.84184303,30.5636,0.262102,2.7613,2.1876,0.819286,0.275913,0.291236,0.567149,0.253877
12,Julio Rodríguez ,OF,5261,-,27.09988021,640.69,26.9263,88.6912,83.6373,27.5166,0.3331,0.466746,0.799846,0.344013
491,Brian Serven ,C,5604,-,-30.78245765,27.5765,0.432677,2.22862,2.21336,0.0288543,0.247925,0.276272,0.524198,0.236126
