,Name,Fantrax_Rank,Fantrax_ADP,Dollars,IP,ERA,WHIP,K/9,QS,SV,K-BB%,PL_Rank,Eno,Stuff+
0,Logan Gilbert,2,29.21,30.463124781868167,194.103,3.38958,1.03408,9.25531,16.1965,0.0,0.2070086635649204,7.0,5.0,101.0
1,George Kirby,6,48.91,23.215245568084647,180.713,3.49848,1.0709,8.43628,15.1359,0.0,0.1991986818611621,10.0,10.0,104.0
2,Chris Sale,4,38.53,22.852592524760603,154.434,3.14146,1.08398,10.7604,12.7145,0.0,0.2316036596894264,18.0,6.0,106.0
3,Framber Valdez,8,58.38,20.9236527735662,185.534,3.32716,1.17962,8.80818,15.8894,0.0,0.1614153236150741,26.0,12.0,106.0
4,Dylan Cease,5,41.57,20.627274444360605,182.059,3.50538,1.16914,10.5749,14.2607,0.0,0.1953158751130104,16.0,9.0,111.0
5,Logan Webb,16,80.87,20.323647891570054,196.302,3.41374,1.17819,7.68892,16.5512,0.0,0.1522411666810512,27.0,26.0,104.0
6,Corbin Burnes,3,34.48,19.73105945630868,187.222,3.54585,1.16585,8.86073,16.093,0.0,0.1699355840682983,5.0,4.0,112.0
7,Blake Snell,7,52,18.80136236973501,156.507,3.33964,1.17234,11.6502,13.2745,0.0,0.2087581530213356,19.0,13.0,99.0
8,Luis Castillo,17,81.92,18.08741323591554,181.783,3.65006,1.15046,9.04325,14.4674,0.0,0.1770310774445533,35.0,20.0,105.0
9,Luis Castillo,1744,-,18.08741323591554,181.783,3.65006,1.15046,9.04325,14.4674,0.0,0.1770310774445533,35.0,20.0,105.0
10,Shota Imanaga,10,60.23,17.64503990015223,171.152,3.62862,1.1171,8.97017,13.0557,0.0,0.1926509328186512,14.0,36.0,98.0
11,Yoshinobu Yamamoto,11,60.62,16.901154939422227,153.241,3.42764,1.1112,9.51706,11.6474,0.0,0.1977123618125915,20.0,24.0,93.0
12,Joe Ryan,28,106.18,16.499747983972465,160.939,3.82635,1.0843,9.86893,12.3215,0.0,0.2179499231278896,15.0,29.0,106.0
13,Tyler Glasnow,22,98.48,16.32407948434912,132.904,3.4225,1.07669,11.1276,11.3721,0.0,0.2348542064428329,13.0,15.0,107.0
14,Sonny Gray,27,106,16.253106066095555,164.513,3.54223,1.15716,9.62168,12.8409,0.0,0.1925382018089294,38.0,40.0,95.0
15,Max Fried,19,92.85,15.960989182321162,167.005,3.40836,1.17743,8.50243,13.6369,0.0,0.1588404923677444,12.0,16.0,103.0
16,Jacob deGrom,12,62.69,15.876185960712617,110.458,3.05012,1.0044,11.2576,9.45075,0.0,0.2604353949427604,6.0,14.0,115.0
17,Justin Steele,33,121.36,15.800523138206222,168.145,3.4654,1.17692,8.72603,13.5014,0.0,0.1683917567133903,22.0,35.0,104.0
18,Tanner Bibee,20,95.4,15.60784933821647,170.278,3.67421,1.1484,9.49887,11.9338,0.0,0.1921654865145683,24.0,31.0,99.0
19,Aaron Nola,13,63.8,15.36321188627413,187.488,3.89021,1.16657,8.89436,14.7872,0.0,0.1822783462703228,36.0,27.0,107.0
20,Michael King,9,58.9,14.981252880309832,169.759,3.53185,1.20181,9.88058,12.2557,0.0885221,0.1806091144680977,9.0,28.0,97.0
21,Bailey Ober,15,80.01,14.93867853157058,171.087,3.94982,1.11301,9.2745,12.846,0.0,0.1953210160136222,23.0,55.0,93.0
22,Freddy Peralta,18,90.38,13.573119870260763,167.545,3.79283,1.1825,10.2927,12.2522,0.0,0.1894179061055183,33.0,30.0,99.0
23,Roki Sasaki,32,119.26,12.65758684969972,131.214,3.4603,1.13081,10.5128,10.5912,0.0,0.2071627303957939,30.0,23.0,
24,Reynaldo López,43,155.61,12.24201950736955,156.127,3.56119,1.19775,9.57376,11.4616,0.0187689,0.1773327067494392,50.0,41.0,97.0
25,Zach Eflin,56,186.61,11.9460071583613,171.093,3.84803,1.15418,7.59945,13.1634,0.0,0.1655656620860099,80.0,67.0,100.0
26,Zac Gallen,21,96.98,11.856000421565398,171.396,3.77874,1.2087,9.01741,13.3295,0.0,0.1677908822894096,46.0,38.0,92.0
27,Bryan Woo,40,140.3,11.854806373033709,137.326,3.66885,1.07659,8.55058,9.98166,0.0,0.1857398115098476,31.0,32.0,106.0
28,Mason Miller,31,119.1,11.502987366491666,66.1346,2.79436,1.02719,12.9169,3.5338e-05,27.7357,0.2747290208935737,,,
29,Mason Miller,4435,-,11.502987366491666,66.1346,2.79436,1.02719,12.9169,3.5338e-05,27.7357,0.2747290208935737,,,
30,Cristopher Sánchez,51,170.98,11.379572290853144,169.128,3.60248,1.21796,7.76312,13.4996,0.0,0.1438672095537185,52.0,51.0,104.0
31,Kevin Gausman,38,132.56,11.334770825605512,180.454,3.88137,1.23165,8.99466,14.751,0.0,0.1711056232452392,62.0,63.0,97.0
32,Shane McClanahan,29,115.67,11.3139286652827,134.276,3.48641,1.15722,9.69946,10.9476,0.0,0.1882373094558715,29.0,42.0,108.0
33,Grayson Rodriguez,26,104.46,10.83607048297944,156.489,3.71787,1.20672,9.7202,11.8524,0.0,0.1833767518401146,32.0,18.0,107.0
34,Edwin Díaz,34,121.85,10.78199856810532,64.2126,3.01357,1.08087,12.9063,0.0,33.6575,0.2654348537325859,,,
35,Hunter Greene,14,78.93,10.75843526844133,151.279,3.89533,1.17196,10.5775,11.1513,0.0,0.1962295696139335,42.0,33.0,112.0
36,Hunter Brown,23,99.63,10.533530274237664,168.632,3.75237,1.25214,9.58216,13.6154,0.0,0.1705619916319847,48.0,17.0,102.0
37,Yusei Kikuchi,41,145.37,10.36869056622725,170.648,3.93765,1.21455,10.0235,11.7569,0.0,0.1955452114343643,71.0,45.0,101.0
38,Nathan Eovaldi,58,187.64,9.757415895234049,158.835,3.89422,1.18158,8.66726,12.4978,0.0,0.1689587831497192,55.0,57.0,100.0
39,Seth Lugo,36,128.84,9.56452495229018,182.73,3.93325,1.22869,7.92146,14.4332,0.044473,0.1482411026954651,49.0,65.0,97.0
40,Nick Pivetta,59,195.58,9.209301766451429,148.563,3.98823,1.164,10.2247,10.4766,0.000968049,0.2021767571568489,79.0,59.0,105.0
41,Raisel Iglesias,39,139.74,9.075786482286617,66.5835,3.15169,1.08998,9.71915,0.0,33.8232,0.2079229280352592,,,
42,Josh Hader,24,103.5,9.035594031195432,62.5168,3.21518,1.09984,12.5874,0.0,33.1101,0.2476380839943885,,,
43,Carlos Rodón,30,116.27,8.77343808237552,160.701,4.12194,1.19365,10.0736,12.1202,0.0,0.1903129965066909,43.0,47.0,109.0
44,Taj Bradley,48,167.43,8.30869966912251,160.374,3.95979,1.21583,9.66491,11.3206,0.0,0.1808271408081054,70.0,54.0,108.0
45,Jared Jones,37,129.15,8.20531659388146,161.162,3.93936,1.21915,9.32083,11.6826,0.0,0.1690107360482216,39.0,37.0,102.0
46,Ryan Pepiot,53,173.42,7.907781652552543,150.877,3.94469,1.19188,9.41085,10.7841,0.0,0.1685070320963859,45.0,39.0,107.0
47,Félix Bautista,45,157.45,7.837017411697308,55.2959,2.69543,1.0956,13.0115,0.0,27.0359,0.2551486790180206,,,
48,Devin Williams,25,103.86,7.789425198339929,58.2563,2.86862,1.15449,12.2445,0.0,31.3479,0.2175796255469322,,,
49,Andrés Muñoz,55,183.28,7.561089828811892,59.6333,2.73126,1.11909,11.4885,0.0,26.6193,0.2175173982977867,,,
50,Brandon Woodruff,62,202.95,7.4865571052602515,124.004,3.72969,1.1553,9.60917,9.95933,0.0,0.1912116408348083,61.0,129.0,106.0
51,Shohei Ohtani,1,1.34,7.471159195248704,110.951,3.52475,1.14124,10.5207,8.53678,0.0,0.202406495809555,41.0,22.0,115.0
52,Tanner Houck,57,187.12,7.331020267052565,170.811,3.87147,1.23809,7.94414,11.9063,0.0501945,0.1390387937426567,68.0,62.0,102.0
53,Kodai Senga,35,124.8,6.778090294183225,150.338,3.7204,1.27626,9.90938,10.9665,0.0,0.1562048569321632,44.0,43.0,104.0
54,Ranger Suárez,65,219.4,6.7134714733407606,157.196,3.70675,1.25222,8.13727,11.0958,0.0,0.1410123631358146,,70.0,98.0
55,Jeff Hoffman,110,313.15,6.329732357169182,62.0191,3.08476,1.11777,11.1503,0.0,25.2877,0.2202269434928894,,,
56,Brandon Pfaadt,49,168,6.31897664127691,155.625,4.034,1.20536,9.06129,10.1905,0.0,0.1848682910203933,93.0,46.0,102.0
57,Robbie Ray,54,175.6,6.2108689133887385,142.495,3.97143,1.21864,10.0284,10.6251,0.0,0.1828783005475998,37.0,48.0,104.0
58,José Berríos,44,156.95,5.5869780680022165,185.315,4.21837,1.24258,7.72807,14.1689,0.0,0.1377717852592468,,90.0,91.0
59,Drew Rasmussen,100,297.5,5.222524190946599,105.195,3.3683,1.13217,8.77999,6.19335,0.0966918,0.1801748797297477,66.0,77.0,121.0
60,Jeffrey Springs,78,246.26,5.143665387941769,131.476,3.82228,1.19792,9.00193,9.09639,0.0,0.1725993528962135,54.0,98.0,93.0
61,Michael Wacha,71,231.31,4.874059769677515,162.059,4.01148,1.23732,7.85416,11.4284,0.0,0.1398263052105903,,91.0,99.0
62,Sean Manaea,46,159.82,4.601194279876253,146.829,4.10198,1.21626,9.08175,10.5504,0.00116002,0.1607238501310348,73.0,69.0,99.0
63,Nick Lodolo,68,222,4.593854821964928,135.958,3.98375,1.21996,9.75054,9.70061,0.0,0.1824101656675338,72.0,60.0,104.0
64,Tanner Scott,85,260.29,4.29258860931512,65.6381,2.95754,1.22835,11.0145,0.0,21.2945,0.1802292168140411,,,
65,Jesús Luzardo,86,262.94,4.244451513735971,143.143,4.07217,1.22658,9.22345,10.5894,0.0,0.165465161204338,65.0,74.0,98.0
66,Chris Bassitt,81,250.82,4.051288792798527,174.504,4.09937,1.2833,8.29752,12.8932,0.0,0.1374147459864616,,108.0,97.0
67,Bowden Francis,60,198.5,3.8279390285555945,140.561,4.15744,1.16699,8.34624,8.69104,0.00460422,0.1611118987202644,78.0,79.0,100.0
68,Reese Olson,84,258.16,3.7063109732340567,140.683,3.9107,1.23981,8.38576,10.1928,0.0,0.1463475525379181,81.0,58.0,93.0
69,Yu Darvish,67,221.86,3.693415221207663,132.762,4.09526,1.18366,8.68916,9.59043,0.0,0.1661287248134613,47.0,66.0,96.0
70,Max Scherzer,137,363.05,3.408443255152669,104.682,3.8832,1.13168,9.20974,8.22531,0.0,0.1865650787949562,,80.0,99.0
71,Ronel Blanco,52,171.27,3.350970124223967,160.666,4.11397,1.26696,8.87467,10.8644,0.0,0.1350408867001533,53.0,84.0,90.0
72,Robert Suarez,50,169.35,2.964294101618881,61.0186,3.5221,1.17425,8.904,0.0,26.7436,0.1617118343710899,,,
73,Clay Holmes,119,331.77,2.8804337633338712,135.135,3.66985,1.29896,8.53735,8.95626,2.30248,0.1329902932047844,76.0,53.0,124.0
74,Mitch Keller,63,205.83,2.879496367645771,179.75,4.24195,1.28346,8.27039,12.8777,0.0,0.1450484842061996,,73.0,99.0
75,Erick Fedde,73,234.69,2.8586103112921126,168.021,4.08324,1.2689,7.85567,10.8784,0.0,0.1347126439213752,,125.0,89.0
76,Merrill Kelly,82,251.87,2.745209596591716,153.042,4.08628,1.2591,8.20731,11.1482,0.0,0.1411542892456054,85.0,113.0,91.0
77,Griffin Jax,124,338.34,2.249613457917756,65.3616,3.15636,1.08512,10.5358,0.199577,6.96684,0.2236440479755401,,,
78,Jason Adam,145,380.88,2.248470827844125,65.7216,3.13235,1.07867,10.295,0.0,6.72544,0.2009638026356697,,,
79,Shane Baz,47,161.22,2.222045421200882,138.404,4.04599,1.2429,8.49062,9.86017,0.0,0.1408297196030616,51.0,64.0,101.0
80,Cade Smith,144,380.82,2.0887406861776405,67.1111,2.97436,1.09911,11.6574,0.0,1.73778,0.2396528348326683,,,
81,Cade Smith,5918,-,2.0887406861776405,67.1111,2.97436,1.09911,11.6574,0.0,1.73778,0.2396528348326683,,,
82,Gavin Williams,70,230.73,1.8908360553192112,136.351,3.99248,1.25706,9.19189,8.46087,0.0,0.1513617485761642,58.0,56.0,99.0
83,Matt Strahm,172,416.6,1.6944285277658802,63.9867,3.23226,1.04999,10.7649,0.0,4.50109,0.2348114177584648,,,
84,Trevor Megill,91,284.13,1.5696969171776196,57.1572,3.52644,1.22107,10.7195,0.0,23.588,0.1997156143188476,,,
85,Jameson Taillon,87,265.69,1.563031021079371,166.012,4.31751,1.2325,7.14247,11.3104,0.00142244,0.1337584108114242,,121.0,91.0
86,Ryan Pressly,169,411.19,1.3258749720043956,58.1226,3.48325,1.20952,9.3486,0.0,23.121,0.1784919425845146,,,
87,Bryan Abreu,163,398.09,1.3018854152205164,71.1833,3.15185,1.18154,11.7149,0.0,4.53345,0.2133868858218193,,,
88,Justin Martinez,121,335.05,1.2908672366415057,66.5705,3.27308,1.3166,11.1198,0.0,20.172,0.1686425060033798,,,
89,Chris Martin,235,566.37,1.187964939482169,56.5648,3.25048,1.10422,9.30529,0.0,14.1465,0.2148966453969478,,,
90,José Soriano,128,345.24,1.0215378042625836,139.539,3.90657,1.30672,8.53142,10.075,0.0,0.1232749745249748,84.0,75.0,103.0
91,Clarke Schmidt,66,220.65,1.0,130.0,3.92426,1.24817,8.97598,6.61686,0.0,0.1593536213040352,82.0,44.0,105.0
92,Pete Fairbanks,102,301.38,1.0,52.2214,3.45444,1.19695,10.0118,0.0,22.8563,0.1781537607312202,,,
93,Kumar Rocker,89,279.69,0.9960089299136154,106.578,3.85585,1.20966,9.3696,7.16332,0.0,0.1758843436837196,77.0,76.0,99.0
94,A.J. Puk,130,349.09,0.9499599554685896,62.9247,3.35643,1.16617,10.7497,0.0,12.1691,0.2083801701664924,,,
95,Kyle Harrison,97,296.11,0.7157554005228095,135.019,4.10012,1.27654,9.13315,9.61871,0.0,0.1514305472373962,,104.0,89.0
96,Orion Kerkering,146,381.5,0.647797758455794,60.7789,3.01715,1.12789,10.3294,0.0,6.07924,0.2075949162244796,,,
97,Brayan Bello,77,243.31,0.5161926801533396,161.456,4.08341,1.32339,8.27869,11.1889,0.0,0.1332151368260383,,78.0,97.0
98,Luis Gil,42,154.93,0.282264684307585,133.342,4.10439,1.29462,9.949,8.8869,0.0,0.1460433155298233,69.0,49.0,107.0
99,Kutter Crawford,69,225.48,0.1847396249448751,132.349,4.35958,1.19928,8.75633,7.83919,0.0,0.1653734967112541,86.0,86.0,100.0
100,Kirby Yates,74,235.45,-0.0297413723822284,57.7667,3.2909,1.19277,11.2149,0.0,11.7661,0.1863802671432495,,,
101,Brady Singer,72,232.17,-0.0969181448468825,170.756,4.37841,1.29588,8.37932,11.7078,0.0,0.1504857987165451,,159.0,89.0
102,Eduardo Rodriguez,116,328.71,-0.3843664404731639,132.844,4.00581,1.28795,8.24139,8.96985,0.0,0.1390237435698509,,149.0,92.0
103,Nick Martinez,90,281.64,-0.4558619594720103,143.852,4.15552,1.25721,7.61976,8.4599,0.0923075,0.1398953571915626,,114.0,98.0
104,Lucas Erceg,75,235.91,-0.6077823941873222,64.7082,3.53885,1.23635,10.2315,0.0,13.6478,0.1803449764847755,,,
105,David Peterson,105,308.46,-0.6283403379013981,138.076,3.86494,1.34443,8.40378,9.62388,0.0,0.1267130598425865,,103.0,94.0
106,Kenley Jansen,138,363.79,-0.6547265192152831,54.6861,3.82582,1.21452,10.3724,0.0,20.2176,0.1857368126511573,,,
107,Robert Garcia,263,672.55,-0.8295435686279276,62.6851,3.36264,1.18953,10.0212,0.0,8.5908,0.186796449124813,,,
108,Zack Littell,115,328.16,-1.0040049262094306,135.51,4.23083,1.23678,7.66716,8.05122,0.0,0.1524135433137416,,122.0,94.0
109,Cody Bradford,103,302.35,-1.1141650260387364,103.91,4.12656,1.15167,8.15536,5.26317,0.0,0.1699330657720565,,148.0,87.0
110,Carlos Estévez,131,349.4,-1.1830194271031846,61.9327,3.84828,1.24053,8.9084,0.0,19.5471,0.1554541662335395,,,
111,Matthew Boyd,109,312.73,-1.183267533712272,99.5722,3.92613,1.21569,9.32576,5.66387,0.0,0.172157920897007,87.0,97.0,91.0
112,Liam Hendriks,139,370.79,-1.227556551625158,52.7522,3.81796,1.18356,10.2281,0.0,17.294,0.2032134383916854,,,
113,Luis Severino,80,249.41,-1.257780987450256,169.693,4.39599,1.30059,7.84769,11.6422,0.0,0.1267890930175781,,68.0,108.0
114,Jeremiah Estrada,189,439.08,-1.2858142333377702,60.5713,3.31603,1.19159,12.3694,0.0,3.64835,0.2303430438041687,,,
115,Jordan Romano,129,346.84,-1.32089215295822,52.1867,3.86938,1.24623,9.51636,0.0,22.3755,0.1659936979413032,,,
116,Aaron Civale,95,293.61,-1.3390419963180662,148.646,4.37196,1.26847,8.35456,9.12523,0.0,0.1496601477265358,,87.0,108.0
117,Aroldis Chapman,147,382.21,-1.3979238528179203,59.5404,3.39657,1.32559,13.2035,0.0,12.1923,0.2021075189113617,,,
118,Edwin Uceta,149,382.87,-1.443544405730914,63.9257,3.6777,1.19063,10.0989,0.0,9.88585,0.1809444725513458,,,
119,Tyler Holton,173,417.38,-1.5133804493153835,68.1727,3.2326,1.09544,7.87598,0.0,5.94929,0.1571598649024963,,,
120,David Festa,108,312.6,-1.5283822167258545,108.264,3.96614,1.2645,9.67317,6.10809,0.0,0.16988405585289,91.0,102.0,97.0
121,Ben Joyce,104,306.91,-1.5779775691192706,58.4205,3.35954,1.25786,10.5538,0.0,11.6287,0.1689616739749908,,,
122,Shane Bieber,155,390.39,-1.6232855728647029,78.5031,3.64316,1.1928,8.78403,6.25731,0.0,0.1759087555110454,100.0,,
123,Jon Gray,160,395.22,-1.794950590135529,141.244,4.32722,1.27531,8.0831,9.45447,0.0,0.1388681158423423,,177.0,91.0
124,Tobias Myers,88,270.54,-1.8000976364771095,135.903,4.26494,1.27314,8.17839,8.73757,0.0,0.1432350575923919,88.0,99.0,97.0
125,Keegan Akin,289,751.37,-1.8145368257737715,66.9322,3.49281,1.13797,10.0171,0.0,0.644183,0.2044875994324684,,,
126,David Bednar,94,291.44,-1.8709876804531191,59.3651,4.00359,1.27449,9.33302,0.0,21.4163,0.1567445993423462,,,
127,Jake Irvin,113,318.45,-1.893178266734588,162.673,4.44998,1.2832,7.43445,11.3713,0.0,0.1199214085936546,,135.0,100.0
128,Justin Verlander,154,388.48,-1.9227707188378196,122.313,4.21831,1.25496,7.57032,9.29812,0.0,0.1346506625413894,,85.0,110.0
129,Dean Kremer,117,328.78,-1.9920185085718456,145.522,4.2801,1.29351,7.91694,9.66638,0.0,0.1275263205170631,,107.0,98.0
130,Kevin Ginkel,252,639.73,-2.140605307814392,61.7199,3.38438,1.1958,9.66339,0.0,5.55123,0.1849294677376747,,,
131,Dylan Lee,356,873.39,-2.157399290448946,59.9538,3.20206,1.1535,10.2947,0.0,0.284534,0.2105401828885078,,,
132,Luis Garcia,140,371.37,-2.1581511734166416,80.7772,4.19473,1.24545,8.80435,3.82806,15.8879,0.1573234945535659,,,
133,Luis Garcia,618,-,-2.1581511734166416,80.7772,4.19473,1.24545,8.80435,3.82806,15.8879,0.1573234945535659,,,
134,Tyler Mahle,156,390.4,-2.2543759991495307,120.2,4.28331,1.23771,8.31198,7.37136,0.0,0.1444076895713806,,136.0,87.0
135,Blake Treinen,165,400.32,-2.328368339839508,54.1892,3.30583,1.16426,9.93893,0.0,5.77081,0.1957729160785675,,,
136,Jason Foley,136,361.92,-2.345223672247052,59.1923,3.58288,1.26919,7.27241,0.0,17.3552,0.1222810521721839,,,
137,DJ Herz,101,298.94,-2.372940070526493,126.109,4.09098,1.32983,10.1078,6.86321,0.0,0.1471099629998207,94.0,127.0,99.0
138,Bryan Hudson,363,880.96,-2.3867681917260684,60.4756,3.25851,1.16428,9.45518,0.0,1.94469,0.1680827736854553,,,
139,Spencer Arrighetti,61,199.05,-2.4711699572905657,144.65,4.41404,1.31441,9.6004,9.19279,0.0,0.1532231792807579,56.0,61.0,102.0
140,Miles Mikolas,175,420.33,-2.488582935707368,168.138,4.59033,1.24873,6.34765,11.7877,0.0,0.1241626925766468,,171.0,92.0
141,Charlie Morton,125,339.13,-2.7957117615182576,148.531,4.34104,1.33688,8.9823,10.1442,0.0,0.1373974382877349,,128.0,100.0
142,Porter Hodge,96,295.03,-2.925211148615732,62.3644,3.60568,1.28417,10.1016,0.0,10.4608,0.1527269855141639,,,
143,Camilo Doval,162,397.98,-2.9769394222874643,64.0519,3.55374,1.30033,10.737,0.0,8.83692,0.1668155118823051,,,
144,Yimi García,251,628.43,-2.978919894618846,55.8282,3.73488,1.14818,10.125,0.0,6.2671,0.2013933658599853,,,
145,Joel Payamps,236,569.33,-3.030650260880866,61.1914,3.61796,1.19814,8.88229,0.0,7.0851,0.1649341583251953,,,
146,Eury Pérez,166,401.37,-3.0561267104477645,72.641,3.85522,1.19205,10.1414,5.18995,0.0,0.1943975463509559,96.0,,
147,Reid Detmers,122,336.98,-3.172899178902706,112.989,4.31235,1.2762,10.0859,6.52266,0.0,0.1784234270453453,,101.0,102.0
148,Alexis Díaz,79,248.62,-3.2470565253505743,63.5252,4.25185,1.34548,9.55629,0.0,22.8472,0.1295444965362548,,,
149,Kyle Finnegan,114,327.15,-3.247648349515636,61.0053,4.02637,1.32347,8.5567,0.0,20.5946,0.1351992264389991,,,
150,Cole Sands,257,652.89,-3.248670844205213,62.8242,3.67467,1.18443,9.7973,0.0,3.7376,0.1911062747240066,,,
151,Mitchell Parker,151,384.86,-3.272532942243844,142.796,4.276,1.31798,8.00602,9.17901,0.0,0.1264240071177482,,,91.0
152,Luke Weaver,92,288.42,-3.300716527456398,68.7823,3.92071,1.18851,9.8181,0.00650743,4.48424,0.1887027472257614,,,
153,A.J. Minter,298,768.67,-3.4974456224473,52.7058,3.36425,1.16314,10.253,0.0,2.43077,0.1973368227481842,,,
154,Ryan Weathers,135,354.99,-3.5431713924758386,138.367,4.25879,1.31932,8.04861,8.81033,0.0,0.128264419734478,,111.0,101.0
155,Will Vest,325,829.42,-3.61365139701686,63.0632,3.4109,1.20823,8.80145,0.0,2.02298,0.1616793572902679,,,
156,Dustin May,148,382.73,-3.711386451329382,71.6683,3.62631,1.20149,8.78625,4.10304,0.0,0.1515556797385215,57.0,94.0,110.0
157,Evan Phillips,159,394.32,-3.754040309461449,49.1912,3.42434,1.15411,9.98502,0.0,4.11161,0.1952421516180038,,,
158,Grant Holmes,143,379.37,-3.82134251984292,109.165,4.01601,1.27974,8.6293,4.70069,0.0,0.1524436920881271,75.0,83.0,93.0
159,Jesus Tinoco,221,511.3,-3.878815055230055,64.8255,3.77673,1.26422,9.13755,0.0,8.60618,0.1552707254886627,,,
160,Andrew Heaney,152,386.77,-3.906641868767169,127.837,4.408,1.28093,8.58871,7.48191,0.0,0.1526077911257743,,161.0,95.0
161,Alex Vesia,215,499.49,-3.9107303263508273,57.1598,3.44872,1.22215,11.3606,0.0,1.13994,0.195230446755886,,,
162,David Robertson,237,571.32,-4.0294718865819785,47.0433,3.32667,1.20256,11.0124,0.0,4.48121,0.1987651139497757,,,
163,Garrett Whitlock,228,530.22,-4.129970626762844,58.6605,3.73091,1.17945,9.00422,0.188434,3.83905,0.1838757917284965,,,
164,Edward Cabrera,120,333.05,-4.266039390832685,123.701,4.20484,1.34638,9.63021,7.09196,0.0,0.1345139890909195,90.0,92.0,99.0
165,Fernando Cruz,258,653.98,-4.275138401905937,61.4055,3.72902,1.24611,12.5119,0.0,0.790566,0.2200002372264862,,,
166,José Alvarado,255,648.17,-4.437509989925164,57.0783,3.44478,1.28473,10.3055,0.0,4.70867,0.1614771336317062,,,
167,José Alvarado,1011,-,-4.437509989925164,57.0783,3.44478,1.28473,10.3055,0.0,4.70867,0.1614771336317062,,,
168,Hunter Gaddis,233,558.53,-4.496610129677218,62.2804,3.79037,1.15153,8.19593,0.177751,1.10138,0.1551663875579834,,,
169,Yennier Cano,242,591.72,-4.548735600439681,60.3646,3.39441,1.25639,8.94567,0.0,2.56981,0.1526964455842971,,,
170,Quinn Mathews,184,432.32,-4.590356048881314,90.4622,4.04472,1.30014,8.48358,7.49757,0.0,0.1309485509991645,,,
171,Tim Herrin,406,970.98,-4.622624153004475,57.7782,3.33085,1.2339,9.54525,0.0,0.310691,0.1570799052715301,,,
172,Dedniel Núñez,348,865.95,-4.651549344905397,48.2421,3.34362,1.176,10.5606,0.0,0.839563,0.2004261836409568,,,
173,Alex Cobb,181,429.29,-4.658760350142001,85.9685,3.84599,1.27856,7.41351,6.34498,0.0,0.1277303099632263,,,
174,Hunter Harvey,262,672.4,-4.673552109215957,59.5323,3.70697,1.20022,9.45942,0.0,2.03772,0.1812578961253166,,,
175,Andrew Kittredge,279,717.86,-4.760157270478346,61.4641,3.7125,1.21415,8.25887,0.0,3.86795,0.1560781970620155,,,
176,Justin Slaten,203,472.13,-4.783886607711327,64.6024,3.83753,1.26074,9.48717,0.0,5.27676,0.1684075221419334,,,
177,Gregory Santos,300,777.09,-4.90764976242588,52.5705,3.34784,1.22992,9.01598,0.0,2.6563,0.1599025055766105,,,
178,Trent Thornton,475,1693.38,-4.920035517973134,63.2321,3.76877,1.20852,8.88432,0.0,1.81803,0.1644837036728859,,,
179,Paul Sewald,222,511.39,-4.986177864568339,54.1704,3.92402,1.16929,10.0245,0.0,3.24306,0.1924922540783882,,,
180,Kevin Kelly,335,848.63,-5.080350378490778,53.9664,3.54767,1.14157,7.8807,0.0,0.185011,0.1604306474328041,,,
181,Chad Green,153,388.37,-5.10752820719449,57.78,3.99707,1.21047,8.51666,0.0,7.01522,0.1556922867894172,,,
182,Yuki Matsui,317,808.87,-5.245059511323938,54.7083,3.59917,1.24616,10.4249,0.0,2.12129,0.1762828603386879,,,
183,José Leclerc,293,760.38,-5.289608395842909,64.6373,3.88531,1.28591,10.574,0.0,3.84618,0.1657735332846641,,,
184,Tyler Rogers,281,733.61,-5.312017898164798,67.7685,3.67787,1.21846,6.52308,0.0,2.25805,0.1240931451320648,,,
185,Casey Mize,190,439.32,-5.35261355467717,125.183,4.27425,1.30952,7.12306,7.72598,0.0,0.1183283329010009,,100.0,97.0
186,Aaron Bummer,410,995.47,-5.388902174063296,62.0332,3.47753,1.31016,10.3388,0.0,0.984053,0.1742288395762443,,,
187,Andrew Nardi,343,860.13,-5.465469556592575,55.249,3.8056,1.25244,11.2807,0.0,2.57361,0.2045740708708763,,,
188,Seranthony Domínguez,238,580.41,-5.488121102774536,59.862,3.8826,1.2672,9.77598,0.0,4.9275,0.1649330407381057,,,
189,Ian Hamilton,465,1676.01,-5.533642761997507,54.5148,3.51539,1.26674,9.74195,0.0,2.39263,0.1624827533960342,,,
190,Calvin Faucher,174,419.95,-5.541692658392791,58.559,4.04964,1.40111,9.42587,0.0,16.3879,0.1385615095496177,,,
191,Pierce Johnson,305,786.89,-5.563504263060946,61.124,3.73411,1.31153,10.829,0.0,3.36593,0.1819935664534568,,,
192,Adrian Morejon,249,616.78,-5.579109408933098,59.4323,3.61524,1.25052,9.40133,0.0,0.847228,0.1690897196531295,,,
193,Michael Kopech,107,312.29,-5.617692187013728,52.6541,3.90592,1.26538,11.1269,3.44513e-05,5.24872,0.1798046603798866,,,
194,Danny Coulombe,527,1804.94,-5.619324671689735,45.8048,3.43337,1.1717,9.47438,0.0,0.74024,0.1850574314594268,,,
195,Hayden Birdsong,132,350.02,-5.688341459533961,103.286,4.18912,1.33315,9.8588,5.22542,0.0,0.1445034444332122,95.0,116.0,98.0
196,Manuel Rodríguez,369,892.8,-5.779883508689167,58.6037,3.60305,1.27999,8.72116,0.0,3.27671,0.1417784765362739,,,
197,Manuel Rodríguez,5453,-,-5.779883508689167,58.6037,3.60305,1.27999,8.72116,0.0,3.27671,0.1417784765362739,,,
198,Ryan Brasier,476,1693.6,-5.780793021734648,52.229,3.72805,1.18459,8.63252,0.352035,1.15896,0.1633951961994171,,,
199,Andrew Abbott,126,339.15,-5.786431067378901,140.038,4.49931,1.33966,8.39832,8.97223,0.0,0.1303829997777938,,110.0,95.0
200,Mark Leiter Jr.,312,793.7,-5.994186382370107,55.9898,3.92122,1.2301,10.7972,0.0,1.06709,0.1956037580966949,,,
201,JoJo Romero,309,791,-6.025317031798126,56.9056,3.66276,1.25075,8.60949,0.0,2.11389,0.1491506695747375,,,
202,Matt Brash,261,667.98,-6.050363591184297,37.4233,3.16087,1.25293,11.6531,0.0,2.60659,0.2021508365869522,,,
203,Zebby Matthews,171,412.52,-6.056926303753741,78.0978,4.24079,1.20394,8.55979,3.75807,0.0,0.1801221072673797,,130.0,98.0
204,Brock Stewart,462,1672.72,-6.125498062303711,48.5359,3.47336,1.26792,11.0656,0.0,0.657431,0.1894110813736915,,,
205,Derek Law,283,734.52,-6.146104567128076,69.2465,3.78724,1.30437,7.69063,0.0,4.42347,0.1215923801064491,,,
206,Lucas Giolito,118,328.89,-6.180902635964841,117.209,4.53428,1.32476,9.15374,7.76796,0.0,0.1524443328380584,63.0,88.0,95.0
207,Anthony Bender,337,850.15,-6.188628231864981,56.2598,3.83422,1.28041,9.31203,0.0,4.55613,0.1607483327388763,,,
208,Andre Pallante,150,383.98,-6.226687237544741,139.5,4.00226,1.40028,6.57627,8.78461,0.0,0.0759424567222595,,152.0,97.0
209,Chris Paddack,217,505.29,-6.2322489416065565,104.804,4.37669,1.26845,8.10309,5.04224,0.0,0.155099332332611,,126.0,93.0
210,Tanner Banks,593,2154.6,-6.236360714209747,64.6297,3.87363,1.2497,8.8743,0.0,0.658469,0.1598552912473678,,,
211,Walker Buehler,64,209.05,-6.282774471379763,139.901,4.44368,1.33906,7.66704,8.5759,0.0,0.1226490288972854,64.0,109.0,96.0
212,Jakob Junis,260,661.27,-6.326478461156918,72.5965,4.05685,1.18861,8.2352,2.28843,0.185809,0.1683993116021156,,163.0,97.0
213,Jordan Hicks,177,423.08,-6.387186841029539,124.13,4.13253,1.3855,8.12188,7.1872,0.306278,0.1061636582016944,,96.0,103.0
214,Kris Bubic,168,404.47,-6.406854544451559,96.8739,4.17246,1.32419,8.68768,5.51936,0.0649313,0.146709494292736,89.0,,
215,Hoby Milner,539,1829.77,-6.515440233662452,55.4936,3.83404,1.19751,8.29843,0.0,0.175013,0.1637101210653782,,,
216,Garrett Cleavinger,284,737.98,-6.586272306076112,57.9028,3.88229,1.29926,10.4509,0.0,2.4472,0.1637804135680198,,,
217,Ryne Nelson,99,297.15,-6.622616912689362,93.2725,4.2403,1.26651,7.41059,4.92092,0.0326413,0.133140467107296,,137.0,100.0
218,Joey Cantillo,170,412.2,-6.670248484805517,83.7128,4.0379,1.32875,9.53747,4.40643,0.0,0.1414999738335609,,134.0,96.0
219,Tyson Miller,340,851.65,-6.6742686182459705,56.8673,3.91537,1.21597,8.18931,0.0,1.32985,0.1433653458952903,,,
220,Taylor Rogers,313,794.55,-6.711315259767764,58.3053,4.08315,1.29235,9.72435,0.0,5.11616,0.1647310554981231,,,
221,Reed Garrett,303,784.87,-6.718125150407484,61.7617,3.84058,1.34007,10.6182,0.0,2.49636,0.1657641679048538,,,
222,Tommy Kahnle,364,885.17,-6.76752044433514,46.7903,3.53142,1.27359,9.16925,0.0,2.44747,0.139185145497322,,,
223,Tylor Megill,167,401.71,-6.81609209988321,78.9578,4.02751,1.2977,9.36618,3.49431,0.0,0.1559819802641868,,117.0,103.0
224,Clayton Kershaw,191,440.19,-6.855973008023897,53.9188,3.74406,1.22078,8.34768,3.89795,0.0,0.1551451161503791,,,
225,Brant Hurter,224,515.32,-6.869605266901928,48.208,3.71058,1.2029,7.70323,0.828329,0.0,0.1479289084672927,,,
226,Yariel Rodríguez,193,444.05,-6.911140537742417,89.4118,4.16881,1.31257,9.35516,3.92204,0.0,0.1369117498397827,,168.0,95.0
227,Steven Matz,275,702.77,-7.006977557556468,99.5025,4.14299,1.30331,7.80098,3.89924,0.0,0.1322666183114051,,158.0,93.0
228,Ben Brown,157,393.1,-7.010601724405253,48.4508,3.58043,1.18934,10.4359,1.56936,0.0,0.1905141249299049,,132.0,98.0
229,Nate Pearson,259,654.1,-7.033624617362197,56.1347,4.0339,1.25921,9.72984,0.0,1.91885,0.1693257614970207,,,
230,Hayden Wesneski,211,490.68,-7.045027505979959,93.6101,4.30753,1.2608,8.40354,3.16648,0.0,0.1440678909420967,92.0,106.0,97.0
231,Jorge Alcala,511,1755.94,-7.079515892315719,58.8838,4.05057,1.23662,9.34182,0.0,0.222733,0.1577225774526596,,,
232,Ryan Thompson,385,919.24,-7.116990250200965,59.9895,3.75198,1.26452,7.20937,0.0,1.19092,0.1228279173374176,,,
233,Michael McGreevy,187,433.76,-7.117791339049694,52.8845,3.80241,1.25747,7.10222,1.95481,0.0,0.1287383586168289,,,
234,Tony Gonsolin,158,393.88,-7.121687402935079,91.1263,4.44336,1.24739,7.82049,4.77631,0.0,0.1261054947972297,,120.0,90.0
235,Gregory Soto,533,1817.1,-7.179756801154673,54.0387,3.74111,1.32399,10.0342,0.0,1.99111,0.1533025577664375,,,
236,Erik Swanson,316,806.47,-7.19878780627648,56.0638,4.07294,1.26481,8.94399,0.0,3.36429,0.15434180945158,,,
237,Javier Assad,183,431,-7.213149659492023,126.748,4.23359,1.35925,7.47495,6.32058,0.0,0.1026918143033981,,139.0,96.0
238,Lance Lynn,188,437.05,-7.238972939786818,107.257,4.53606,1.32041,8.485,7.25208,0.0,0.1402299851179123,,181.0,98.0
239,Landen Roupp,218,505.54,-7.257983624327247,57.8347,3.73853,1.33046,8.90136,1.33194,0.0,0.1280851438641548,,,
240,Rhett Lowder,111,316.49,-7.265386588605239,106.185,4.2815,1.32546,7.48146,6.0912,0.0,0.1185328662395477,,,
241,Beau Brieske,245,602.64,-7.267790555070004,64.6535,3.90333,1.28353,8.57515,0.579871,6.81485,0.1353487968444824,,,
242,Héctor Neris,330,835.7,-7.322414508000561,52.3284,3.9079,1.28924,9.52502,0.0,2.6991,0.1494778916239738,,,
243,AJ Smith-Shawver,176,421.19,-7.330833114524101,66.9181,4.30172,1.31123,9.35744,2.81555,0.0,0.1429437398910522,,,
244,Osvaldo Bido,182,430.98,-7.360510200444422,101.241,4.44245,1.30984,8.37706,5.92757,0.0,0.1227650493383407,,82.0,105.0
245,Colin Poche,509,1750.4,-7.381219544862512,48.6617,3.92448,1.24982,8.46082,0.0,3.21721,0.1354036927223205,,,
246,Brady Basso,383,915.33,-7.407895791006521,49.4854,3.94555,1.22746,8.62496,0.839263,0.0,0.1604733616113662,,,
247,Tyler Anderson,141,373.14,-7.425023379667001,169.181,4.60418,1.35562,7.1998,10.4874,0.0,0.0994055122137069,,143.0,97.0
248,Kyle Gibson,186,433.61,-7.434780649609616,131.158,4.45878,1.37462,7.63401,9.70926,0.0,0.1123738065361976,,160.0,86.0
249,Jake Cousins,379,912.52,-7.472527642404485,50.0266,3.78748,1.3156,10.8446,0.0,1.17931,0.161320611834526,,,
250,José Buttó,225,515.83,-7.473395819429529,62.9003,3.72892,1.25571,9.04142,0.639092,1.38158,0.1382939517498016,,,
251,Tony Santillan,287,746.69,-7.497659323594803,58.338,4.16788,1.32276,10.5245,0.0,3.85527,0.1718325987458229,,,
252,Bryan King,601,2188.6,-7.511128601049204,48.4582,3.57982,1.29453,9.38765,0.0,0.280779,0.1493504494428634,,,
253,Ryan Fernandez,368,891.47,-7.512539357332848,62.5018,3.86324,1.33168,9.11774,0.0,1.63208,0.141676940023899,,,
254,Jorge López,267,684.76,-7.534872456931334,61.0324,4.13236,1.33283,7.96449,0.0,7.55074,0.1206530034542083,,,
255,Jackson Jobe,83,252,-7.5762514722722845,108.59,4.42348,1.30648,7.41953,5.97084,0.0,0.1073044165968895,60.0,81.0,106.0
256,Craig Kimbrel,269,687.15,-7.610235551106721,45.9957,3.98726,1.30583,10.8301,0.0,3.64312,0.1692943647503852,,,
257,Colin Holderman,357,873.61,-7.613142746714441,57.9642,3.84303,1.33563,9.14017,0.0,2.48397,0.1370447501540184,,,
258,Jose Quintana,161,397.94,-7.63401945672447,122.648,4.32047,1.3742,7.15116,8.53779,0.0,0.0978851616382598,,174.0,89.0
259,Gabe Speier,621,-,-7.660130191942564,45.4005,3.86369,1.23088,9.83903,0.0,0.00129003,0.1771166548132896,,,
260,Frankie Montas,112,317.09,-7.698638733568636,89.9123,4.35583,1.32969,8.55679,6.09009,0.0,0.1321780011057853,,89.0,104.0
261,Jordan Montgomery,133,352.73,-7.703512357942444,105.127,4.29502,1.33741,7.10333,6.67916,0.143769,0.1134921610355377,,141.0,93.0
262,Joe Mantiply,565,1974.56,-7.7079396673161025,54.9156,3.82888,1.26866,7.83045,0.0,0.831632,0.1362473592162132,,,
263,Nick Sandlin,542,1833.63,-7.746079829450297,57.1189,4.01246,1.28277,9.73861,0.0,0.0960577,0.1494485810399055,,,
264,Angel Perdomo,668,-,-7.758109387941273,44.7341,3.73219,1.29827,11.3657,0.0,0.0,0.183819368481636,,,
265,Emilio Pagán,386,919.24,-7.789005875831622,59.1026,4.3253,1.25481,9.41955,0.0,2.04203,0.1707400530576706,,,
266,Colin Rea,212,491.05,-7.802986901800887,116.283,4.58163,1.28894,7.15359,6.25105,0.16855,0.1222430020570755,,170.0,94.0
267,Max Meyer,192,442.98,-7.804902187660337,128.877,4.45679,1.36832,7.81963,8.25454,0.0,0.118566483259201,,147.0,92.0
268,Scott Barlow,531,1813.58,-7.837437008503635,57.867,3.99162,1.31144,9.62645,0.0,1.23295,0.1520317420363426,,,
269,Ryan Burr,546,1856.77,-7.845579703938409,42.4944,3.84848,1.24081,10.4903,0.0,0.0429714,0.1926667168736457,,,
270,Ryne Stanek,508,1746.34,-7.871893271399442,55.1801,3.98022,1.31266,10.0668,0.0,1.13946,0.1533082425594329,,,
271,Jacob Webb,362,878.88,-7.897376208855697,60.4431,4.13502,1.33115,9.04342,0.0,4.4146,0.1288028061389923,,,
272,Jacob Webb,6584,-,-7.897376208855697,60.4431,4.13502,1.33115,9.04342,0.0,4.4146,0.1288028061389923,,,
273,Jacob Webb,6585,-,-7.897376208855697,60.4431,4.13502,1.33115,9.04342,0.0,4.4146,0.1288028061389923,,,
274,Dennis Santana,306,789.35,-7.929623568573316,63.7983,4.21652,1.32294,8.65091,0.0,4.812,0.1317335814237594,,,
275,Nick Mears,355,873.05,-7.9419493822809155,57.5919,4.05845,1.3222,10.9675,0.0,0.276991,0.17692581564188,,,
276,Eduard Bazardo,664,-,-8.012628407695482,39.1057,3.85684,1.1985,9.1672,0.0,0.556818,0.165185660123825,,,
277,Jared Koenig,382,914.04,-8.026762670444816,63.1079,3.66172,1.29491,8.73158,0.418824,1.9649,0.1425197124481201,,,109.0
278,Tristan Beck,354,872.97,-8.03087700761626,53.96,3.95052,1.25358,7.74047,0.149795,0.309395,0.1383275762200355,,,
279,Keegan Thompson,350,870.9,-8.040323593755298,52.2952,3.98701,1.29641,9.31877,0.250361,1.13349,0.1326180696487426,,,
280,Brock Burke,477,1696.4,-8.061051941454748,61.3807,4.10023,1.29369,9.02991,0.0,0.663787,0.1552418395876884,,,
281,Caleb Thielbar,528,1805.4,-8.061282196007651,46.3968,3.97374,1.26067,9.94541,0.0,0.556965,0.1764063537120819,,,
282,Erik Miller,407,973.35,-8.125971586854332,58.2488,3.55029,1.32201,11.1151,0.0,0.568079,0.1617415100336074,,,
283,John Schreiber,393,935.82,-8.139571837955653,56.6108,3.85961,1.32314,8.44597,0.0,1.4218,0.1276067569851875,,,
284,Tomoyuki Sugano,123,337.08,-8.15107315341371,124.662,4.59515,1.29808,6.55073,7.06073,0.0,0.1118828132748603,,123.0,
285,Eli Morgan,381,913.41,-8.24803270744493,46.7456,3.98077,1.2266,8.46681,0.0,0.000950562,0.1540037170052528,,,
286,Caleb Ferguson,570,2036.6,-8.26476088560198,53.055,3.76184,1.35153,9.72079,0.0,0.545451,0.154802031815052,,,
287,Sawyer Gipson-Long,399,956.11,-8.293295850368013,39.2488,4.05777,1.23373,8.56799,1.69154,0.0,0.1586930528283119,97.0,,
288,Michel Otañez,322,824.48,-8.31254268095712,55.5013,3.87525,1.40366,11.6487,0.0,1.16105,0.1628110855817794,,,
289,Paul Blackburn,274,697.34,-8.31508223850681,103.73,4.42524,1.32877,7.58979,5.95046,0.0,0.1223705485463142,,140.0,89.0
290,Tyler Ferguson,375,900.76,-8.395061562992307,63.2815,4.119,1.35412,9.78545,0.0,1.97575,0.1368599981069564,,,
291,Tayler Saucedo,478,1701.4,-8.418756484203763,53.4225,3.81364,1.32983,8.43539,0.0,1.1123,0.1173320114612579,,,
292,Shane Smith,374,899.38,-8.48321040581547,54.288,4.12008,1.28783,8.74471,0.664364,0.0,0.1419325694441795,,,
293,Bryan Hoeing,587,2134.6,-8.485079467382892,62.031,4.09197,1.27409,7.21147,0.312727,0.0,0.1189741864800453,,,
294,Andrew Painter,98,296.65,-8.515410298432034,61.8706,4.23349,1.2714,8.87195,3.70104,0.0,0.1494303345680236,,,
295,Davis Martin,268,686.61,-8.529851197776907,120.125,4.55366,1.35181,7.92901,7.20515,0.0,0.1188025996088981,,118.0,95.0
296,Mitch Spence,220,509.38,-8.545106985903988,122.054,4.50747,1.33633,7.15154,6.77992,0.0,0.1147246584296226,,105.0,99.0
297,Erik Sabrowski,526,1801.44,-8.556858250321392,51.0014,3.65992,1.39383,10.4858,0.0,0.188454,0.1445858776569366,,,
298,Tayler Scott,346,864.98,-8.579823941158221,61.1104,3.91341,1.3574,9.00778,0.0,0.577295,0.1238643303513526,,,
299,Sam Moll,535,1821.42,-8.604357869779532,52.7753,3.94762,1.32042,9.23529,0.0,0.412946,0.1389777436852455,,,
300,Seth Halvorsen,199,465.92,-8.604970163352666,61.3933,4.39238,1.39982,8.74166,0.0,10.0607,0.1310522407293319,,,
301,Ben Lively,164,399.78,-8.644238706938971,138.074,4.61433,1.33941,7.07264,7.95381,0.0,0.1072437167167663,,,84.0
302,Andrew Chafin,617,-,-8.675858429776111,48.4271,3.84312,1.35727,9.96607,0.0,1.20363,0.1471283063292503,,,
303,Troy Taylor,358,876.53,-8.704147095573147,45.5087,3.90551,1.29372,8.94658,0.0,0.686685,0.1414908468723297,,,
304,Sean Hjelle,469,1681.1,-8.72086362469485,62.5073,4.00637,1.31345,7.83659,0.0,0.0341127,0.1387854889035225,,,
305,Michael Lorenzen,202,469.07,-8.73364432787679,137.294,4.44721,1.38117,6.9979,8.58586,0.00118662,0.0823604017496109,,157.0,91.0
306,Dylan Floro,464,1675.8,-8.781447011508037,55.3727,3.83739,1.30509,6.91215,0.0,0.366476,0.109621375799179,,,
307,Phil Maton,484,1717.77,-8.824733617366459,50.5493,4.11442,1.27613,8.65057,0.0,0.426226,0.1362501606345176,,,
308,Trevor Williams,209,486.48,-8.833183779124658,112.428,4.425,1.32829,7.33011,4.81064,0.0,0.117807924747467,,,90.0
309,Michael Tonkin,501,1737.05,-8.85335424697056,58.3346,4.23298,1.29555,9.03397,0.0,0.297893,0.1471200510859489,,,
310,Craig Yoho,333,844.87,-8.853604390123088,37.1884,3.73955,1.29244,10.1982,0.0,0.0,0.1644132733345031,,,
311,Mason Montgomery,264,676.74,-8.871278954287407,54.988,4.09279,1.34065,9.65985,0.0,1.08406,0.1567749679088592,,,
312,Cade Cavalli,230,531.36,-8.890093326121802,73.1663,4.27726,1.33421,8.46936,4.81276,0.0,0.1232804656028747,,,
313,Bubba Chandler,93,290.43,-8.892516418263408,91.784,4.42716,1.34263,8.32367,5.33666,0.0,0.1223452165722847,59.0,,
314,Kaleb Ort,504,1741.45,-8.912500954197784,56.7417,4.24048,1.30518,9.32684,0.0,0.675426,0.151844747364521,,,
315,Justin Topa,503,1737.87,-8.914008305592283,40.1613,3.68217,1.2899,7.84847,0.0,0.66187,0.1288350895047187,,,
316,Yilber Diaz,280,731.89,-8.926211819732714,51.4346,4.16056,1.34739,9.43859,1.61889,0.0,0.1390221342444419,,,
317,John King,597,2175.6,-8.943199357880587,57.8533,3.67658,1.32996,6.06533,0.0,0.0402842,0.0937691330909729,,,
318,Wandy Peralta,427,1540.4,-8.94940844382404,46.6817,3.80712,1.30928,7.46532,0.0,1.12379,0.0991033166646957,,,
319,Michael Grove,349,868.25,-8.963638893783372,39.2975,4.0521,1.23929,9.45158,0.0,0.0,0.1767937690019607,,,
320,John Brebbia,623,-,-8.986590093518574,46.9607,4.27622,1.25926,9.61596,0.0,0.323854,0.1750366240739822,,,
321,Hans Crouse,450,1649.29,-9.004033508278175,51.7089,4.17148,1.3341,10.6931,0.0,0.387037,0.1639576554298401,,,
322,Sean Guenther,716,-,-9.037686450853084,41.2089,3.70233,1.27205,7.13475,0.0,0.0544437,0.1200958937406539,,,
323,Brenan Hanifee,692,-,-9.115062528436852,36.3544,3.56461,1.26858,7.23023,0.0,0.0211851,0.1264708936214447,,,
324,Julian Merryweather,564,1972.6,-9.1302465418391,44.771,3.99444,1.32044,9.85325,0.0,0.346177,0.1556937769055366,,,
325,Anthony Banda,512,1756.18,-9.157040687153824,52.5118,4.01386,1.35055,9.0338,0.419948,0.357082,0.1413995772600174,,,
326,Collin Snider,377,903.84,-9.165840303730228,56.2645,3.86993,1.37248,8.44445,0.0,0.807559,0.1202846765518188,,,
327,Bailey Falter,232,551.08,-9.213198845421148,125.005,4.57538,1.32812,6.71147,6.53166,0.0,0.1049738973379135,,,95.0
328,Landon Knack,194,448.16,-9.224146894888332,52.5094,4.13431,1.23131,9.12846,1.62553,0.0342603,0.1665816232562065,,162.0,95.0
329,Elvis Peguero,608,-,-9.249385070389769,52.7653,3.81714,1.36116,8.26194,0.0,0.266685,0.1156916990876197,,,
330,Angel Zerpa,561,1948.4,-9.2534536942479,52.8598,3.90417,1.3369,7.92597,0.0,0.32964,0.1283799856901168,,,
331,Cade Povich,179,424.64,-9.256894879983973,78.0387,4.4169,1.31581,8.36083,4.2184,0.0,0.1286268532276153,,144.0,97.0
332,Greg Weissert,605,-,-9.2900736387374,55.5878,4.00363,1.34868,8.67946,0.0,0.30023,0.1349339857697487,,,
333,Carmen Mlodzinski,463,1673.83,-9.322727168434854,57.6038,4.01751,1.35174,8.18911,0.0,0.88645,0.1180751919746398,,,
334,Chayce McDermott,359,877.66,-9.375612661775865,40.9428,4.24061,1.35022,10.039,1.94874,0.0,0.141015850007534,,,
335,José Quijada,519,1784.64,-9.424813457548757,52.0354,4.10636,1.37468,10.319,0.0,0.823736,0.1369460672140121,,,
336,Ryan Yarbrough,367,890.34,-9.432348844808129,40.8367,4.16858,1.22062,6.64831,0.499986,0.119132,0.1121075078845024,,,
337,Brent Suter,449,1645.72,-9.48010044405023,59.2746,4.07739,1.31938,7.09618,0.0,0.456336,0.1168653070926666,,,
338,Kyle Wright,244,596.98,-9.487521241833434,78.3421,4.32202,1.34596,7.89152,4.76204,0.0,0.1211636140942573,,,
339,Abner Uribe,278,717.23,-9.529379086589636,38.6651,3.77313,1.4149,10.2305,0.0,2.28609,0.1207299977540969,,,
340,Albert Suárez,204,474.73,-9.537336876245684,78.5103,4.25733,1.31636,7.93578,2.75361,0.0,0.1299359127879142,,,88.0
341,Braxton Ashcraft,336,849.3,-9.541387016194207,38.0126,4.11885,1.26876,7.83613,0.898279,0.0,0.142482504248619,,,
342,Andrew Walters,384,916.03,-9.576635908944642,43.9668,3.95824,1.35045,9.80993,0.0,0.0409252,0.1383673995733261,,,
343,Alec Marsh,180,426.03,-9.581767559730896,95.5299,4.62054,1.33729,8.68541,5.04968,0.0,0.139407142996788,,,95.0
344,Austin Voth,494,1728.8,-9.583171235587772,48.3631,4.33905,1.26541,8.62926,0.0,0.0,0.1498290076851844,,,
345,Sean Burke,142,374.05,-9.587413975888962,116.879,4.59356,1.3956,8.78319,7.23753,0.0,0.1172163262963295,,93.0,101.0
346,Luke Jackson,641,-,-9.646276804946533,50.0831,4.11083,1.35675,9.53991,0.0,0.573215,0.1426905542612075,,,
347,Kenta Maeda,321,823.09,-9.69097144980744,65.1176,4.48073,1.23825,8.51852,1.93243,0.0,0.161109521985054,,169.0,93.0
348,Drew Thorpe,223,513.63,-9.698236008930538,94.4749,4.60089,1.32012,6.97233,6.0781,0.0,0.09684569388628,,175.0,84.0
349,Brennan Bernardino,613,-,-9.71944009995496,43.1791,3.97892,1.3408,9.3248,0.0,0.0337402,0.1495040729641914,,,
350,Drey Jameson,468,1680.2,-9.78558269490319,42.1957,3.8972,1.35212,8.29722,0.516251,0.00143635,0.1258479133248329,,,
351,Aaron Ashby,201,467.61,-9.826688527316144,84.7245,4.12905,1.42146,8.84938,3.99971,0.516001,0.1134608685970306,,,
352,Gunnar Hoglund,491,1725.8,-9.827956206048526,55.6433,4.70268,1.26371,7.17549,1.99634,0.0,0.1194387152791023,,,
353,Kendall Graveman,665,-,-9.839786335921737,46.2872,3.93341,1.38211,8.6449,0.0,1.29519,0.1132406368851661,,,
354,Matt Waldron,207,476.65,-9.898910694718326,75.953,4.62045,1.27787,7.50941,4.19015,0.0,0.1294340193271637,,146.0,91.0
355,Dane Dunning,307,789.88,-9.90291099958982,77.1491,4.28578,1.32066,8.1991,2.315,0.0,0.1312623769044876,,183.0,85.0
356,Tyler Kinley,288,747.08,-9.9279500852075,58.7123,4.88669,1.41557,9.49547,0.0,11.3772,0.1417850255966186,,,
357,Justin Anderson,304,785.26,-9.9397585322204,60.5015,4.41843,1.45242,9.29464,0.0,7.99176,0.1164341792464256,,,
358,Forrest Whitley,879,-,-9.949695962084744,40.8104,3.94648,1.35973,9.60325,0.0,0.0,0.1392393410205841,,,
359,Hunter Bigge,286,746.01,-9.958147456169671,50.049,4.14903,1.37476,9.94754,0.0,0.234885,0.1456216946244239,,,
360,José Suarez,588,2145.6,-9.997455516840333,63.1722,4.50269,1.35966,8.8267,0.64168,2.05582,0.1366673037409782,,,
361,Shelby Miller,548,1863.89,-9.998464772193437,47.505,4.34644,1.29662,8.56081,0.0,0.419421,0.1361982300877571,,,
362,Adam Ottavino,572,2043.6,-9.998817122031022,38.6286,4.18207,1.32737,9.39462,0.0,1.19058,0.1458124369382858,,,
363,Buck Farmer,408,988.05,-10.004475119885022,52.2727,4.28755,1.32755,8.70823,0.0,0.32476,0.1286463215947151,,,
364,Max Lazar,787,-,-10.017148876427592,39.1339,4.21073,1.257,7.8033,0.0,0.0,0.1404645591974258,,,
365,Cionel Pérez,515,1763.09,-10.044497127744249,52.0056,3.82215,1.40802,7.97218,0.0,0.582424,0.0945343896746635,,,
366,Shawn Armstrong,566,1989.6,-10.048161369555697,63.2703,4.13139,1.28422,8.78638,0.0,0.758043,0.1518857181072235,,,
367,Bryan Baker,687,-,-10.074848658029495,36.8551,4.08858,1.31893,9.37911,0.0,0.234307,0.1432027071714401,,,
368,Marcus Stroman,185,432.95,-10.082631143729856,110.079,4.42654,1.37589,7.01204,5.913,0.118052,0.095502883195877,,138.0,88.0
369,Drew Smyly,612,-,-10.09366012966644,43.0559,4.273,1.30657,8.73466,0.263292,0.0,0.1468316167593002,,,
370,Sean Reid-Foley,467,1679.29,-10.094794004095544,43.004,3.9652,1.38425,9.80035,0.0,0.0,0.1305923908948898,,,
371,Grant Holman,728,-,-10.140196114695188,51.1512,4.18503,1.35194,8.87391,0.0,0.0,0.1282042935490608,,,
372,Brendon Little,614,-,-10.191455876286,50.6452,3.88617,1.38361,7.67891,0.0,0.0446195,0.0939459726214408,,,
373,Walter Pennington,774,-,-10.192775446307255,36.954,3.91558,1.33959,8.58493,0.0,0.0270267,0.1275379434227943,,,
374,JT Brubaker,388,922.31,-10.22750048677278,44.6837,4.43772,1.32693,8.665,1.19807,0.0,0.1438882127404213,,,
375,Randy Rodríguez,525,1798.4,-10.234296105218702,47.9853,4.1631,1.35658,9.02851,0.0,0.0294997,0.1290650516748428,,,
376,Scott Alexander,649,-,-10.242167746274184,50.4271,4.02206,1.36843,6.89693,0.0,1.64458,0.0996926352381706,,,
377,Griffin Canning,195,460.06,-10.244837254839103,88.2588,4.57617,1.3287,7.89179,4.28507,0.0,0.1225524991750717,,,89.0
378,Huascar Brazobán,609,-,-10.263945587312566,42.0327,4.03375,1.36429,9.17207,0.0,0.0292681,0.1235796064138412,,,
379,Fraser Ellard,492,1727.6,-10.2648456236628,61.3144,4.27416,1.43011,9.05634,0.0,3.75494,0.1144465804100036,,,
380,Declan Cronin,411,1054.4,-10.281865190680788,64.6008,4.17571,1.3906,8.00641,0.0,1.16283,0.1173216328024864,,,
381,Lance McCullers Jr.,239,588.71,-10.305920440421634,46.2806,3.93314,1.3439,8.62385,2.81274,0.0,0.1238417699933052,,,
382,Spencer Bivens,667,-,-10.3536540215545,38.9823,4.00066,1.31068,6.83242,0.0,0.324278,0.1048713698983192,,,
383,Mike Clevinger,409,990.91,-10.355863755231692,35.1805,4.52565,1.28341,7.90755,0.884412,1.2918,0.131037600338459,,,
384,Chase Silseth,294,761.55,-10.356946102200828,44.3152,4.3697,1.34214,8.92721,0.852165,0.0,0.1331530287861824,,,
385,Pedro Avila,599,2180.6,-10.4011215942674,37.6951,4.10465,1.33791,8.71821,0.0155745,0.369276,0.1208184733986854,,,
386,Evan Reifert,471,1686.29,-10.422184156159044,42.0116,4.26755,1.36054,9.52992,0.0,0.97849,0.1355772092938423,,,
387,Matthew Liberatore,310,791.55,-10.432658813655308,70.3204,4.1945,1.33167,8.17616,0.917468,1.43379,0.1274324879050254,,178.0,107.0
388,Cam Booser,637,-,-10.441035228226866,55.2411,4.26577,1.39147,9.23207,0.0,0.912828,0.1331671848893165,,,
389,DL Hall,214,496.7,-10.453490488428256,72.0228,4.20809,1.38337,9.53082,2.23738,0.0,0.1354869678616523,,119.0,87.0
390,Domingo Gonzalez,2860,-,-10.488677397581228,36.4716,4.20969,1.32724,9.40419,0.0,0.0404775,0.1481738686561584,,,
391,Justin Sterner,833,-,-10.517465274847403,40.4658,4.42859,1.30082,9.24628,0.0,0.0,0.1527631059288978,,,
392,Johan Oviedo,308,790.61,-10.55673770233708,73.9408,4.38607,1.37132,7.85525,4.60988,0.0,0.1024522855877876,,,
393,Carlos Vargas,851,-,-10.574462884449616,41.3837,3.94998,1.3675,7.77773,0.0,0.0,0.108508214354515,,,
394,Justin Wilson,631,-,-10.622685484141892,49.1227,4.44037,1.34663,9.30594,0.0,0.404124,0.1610338315367698,,,
395,Sam Long,627,-,-10.661846266422929,51.9387,4.2452,1.36433,8.15757,0.0,0.312124,0.114181749522686,,,
396,Michael Fulmer,559,1928.21,-10.68904793756978,42.824,4.24269,1.35832,8.8642,0.0,0.298291,0.1300119757652282,,,
397,José Ruiz,619,-,-10.69163386430605,54.2981,4.35351,1.36451,8.75665,0.0,0.260573,0.1326684728264808,,,
398,Jhony Brito,389,925.41,-10.72202072206217,46.6033,4.23085,1.32972,6.8115,0.323525,0.0282763,0.1042126938700676,,,
399,Hunter Strickland,607,-,-10.727822489645831,39.7787,4.39846,1.3097,7.57228,0.0,1.32162,0.1024225875735282,,,
400,Jacob Waguespack,555,1909.07,-10.73644683368196,42.834,4.22366,1.38612,9.22584,0.410627,0.0,0.1370470747351646,,,
401,Marc Church,372,896.99,-10.747503052327575,40.1804,4.35637,1.33914,9.42702,0.0,0.0317838,0.1545468047261238,,,
402,Nick Hernandez,854,-,-10.75266142128575,40.8743,4.4624,1.31794,9.33161,0.0,0.0,0.1443636193871498,,,
403,Kody Funderburk,654,-,-10.75551132142151,37.1492,4.15348,1.3668,9.03569,0.0,0.414415,0.1359095051884651,,,
404,Kyle Hart,297,768.64,-10.790897124452746,85.3613,4.54194,1.34033,7.41953,4.17971,0.0,0.1086696684360504,,,
405,Jalen Beeks,550,1867.4,-10.804936517497694,37.5066,4.09469,1.36381,8.29085,0.0,0.344125,0.1234814748167991,,,
406,Ryan Zeferjahn,394,942.67,-10.809223402808144,56.9329,4.45402,1.38237,9.50271,0.0,0.641632,0.1336221843957901,,,
407,Richard Fitts,276,708.42,-10.833110467079326,46.291,4.52907,1.34339,7.20297,1.76997,0.0,0.115524798631668,,,
408,Lucas Sims,505,1741.5,-10.842247263887892,52.7257,4.41811,1.38703,9.36462,0.0,1.03045,0.1165539920330047,,,
409,Bobby Miller,106,310.44,-10.890249969885629,47.2785,4.23957,1.29645,8.8904,1.75263,0.0,0.1454386040568351,67.0,133.0,103.0
410,Ryan Gusto,457,1662.5,-10.90256628749706,39.0537,4.47985,1.33583,7.67453,1.25667,0.0,0.1175647601485252,,,
411,Seth Martinez,632,-,-10.905385940578334,43.9591,4.09669,1.37552,7.51222,0.0,0.387088,0.105028785765171,,,
412,Matt Manning,272,692.44,-10.924398733416306,45.5445,4.11223,1.27185,7.47023,1.54849,0.0,0.1179803535342216,,,
413,Tommy Nance,676,-,-10.973009762749683,39.3038,4.26142,1.34198,8.19447,0.0,0.0,0.1293694004416465,,,
414,Connor Thomas,718,-,-10.995172489204116,39.5634,4.03153,1.35523,6.80894,0.0,0.0,0.1119372248649597,,,
415,Spencer Turnbull,250,619.5,-11.010781259353688,46.0844,4.20409,1.30139,8.2557,2.0239,0.0,0.1279765665531158,,155.0,101.0
416,Zack Thompson,695,-,-11.021344743743477,45.1483,4.29991,1.40859,9.26703,0.609079,0.0,0.1264432072639465,,,
417,Ronny Henriquez,809,-,-11.098601405407605,40.4241,4.1791,1.36191,7.75536,0.0,0.0,0.1221792995929718,,,
418,Joe Ross,400,958.31,-11.174975470546242,58.5889,4.23741,1.33447,7.91268,1.91061,0.0,0.119811899960041,,188.0,90.0
419,T.J. McFarland,532,1816.98,-11.32713879883059,51.991,4.30788,1.35352,6.67315,0.0,0.0559294,0.0940525606274604,,,
420,Jonathan Cannon,213,494.02,-11.338327034688378,151.972,4.79072,1.37164,6.64657,8.99902,0.0551579,0.091332770884037,,184.0,96.0
421,Lou Trivino,697,-,-11.36477637347188,35.0755,4.2559,1.37947,8.36255,0.0,0.41481,0.1205945163965225,,,
422,Sean Reynolds,871,-,-11.369808638710651,40.0474,4.17674,1.43792,9.74179,0.0,0.102225,0.1307878419756889,,,
423,Will Warren,282,734.03,-11.374626144453956,44.7183,4.22094,1.3028,9.02582,1.10453,0.0,0.1526514366269111,,,
424,Miguel Castro,722,-,-11.376566780157995,35.4935,4.41546,1.34588,7.96522,0.0,0.646212,0.1147391051054,,,
425,Riley O'Brien,875,-,-11.378977933433328,44.1967,4.27589,1.41332,9.19329,0.0,0.0385918,0.1202311888337135,,,
426,Kyle Leahy,650,-,-11.411332020403778,51.7372,4.40918,1.35725,7.11299,0.0,0.475055,0.1010609716176986,,,
427,Germán Márquez,229,531.17,-11.424338097042538,129.371,4.84011,1.37744,7.45567,8.11583,0.0,0.1139258295297622,,,
428,Martín Pérez,246,603.01,-11.430388693174985,146.103,4.58527,1.42176,6.62149,9.53958,0.0,0.0846768096089363,,173.0,86.0
429,Jacob Misiorowski,205,475.21,-11.45235646531724,54.1059,4.53149,1.42947,9.56023,1.08503,0.0,0.1108050644397735,,,
430,Carlos Hernández,658,-,-11.541666811943015,42.0598,4.44112,1.38248,8.80174,0.0,0.209258,0.1229389831423759,,,
431,Carlos Hernández,3189,-,-11.541666811943015,42.0598,4.44112,1.38248,8.80174,0.0,0.209258,0.1229389831423759,,,
432,Alex Faedo,500,1736.08,-11.560833873468516,57.04,4.32503,1.31225,8.52038,0.656644,0.0,0.1257862970232963,,,
433,Ryan Feltner,198,465.12,-11.5665429908279,157.942,4.8635,1.39583,7.64961,9.82811,0.0,0.1123977527022361,,,91.0
434,Tim Mayza,639,-,-11.57600301529681,45.3609,4.18229,1.3986,7.01915,0.0,0.280035,0.1017209291458129,,,
435,Rafael Montero,4503,-,-11.587137358052887,42.1417,4.47064,1.38725,8.37093,0.0,1.0239,0.1164489537477493,,,
436,Slade Cecconi,334,848.53,-11.587172935971305,47.4598,4.55267,1.22855,8.2163,0.709996,0.0,0.1624799892306327,,131.0,95.0
437,Mason Englert,714,-,-11.604194581433813,36.7693,4.6114,1.31429,7.91697,0.0,0.0,0.1347303614020347,,,
438,J.T. Ginn,387,921.46,-11.61052287820716,76.5327,4.48228,1.37036,7.01384,4.16377,0.0,0.1006264016032219,,,
439,Joey Estes,248,612.64,-11.674592525282366,106.698,5.20247,1.27953,7.05673,6.41445,0.0,0.1240955293178558,,176.0,99.0
440,Prelander Berroa,265,676.86,-11.75354351792421,45.8337,4.33673,1.52004,10.0336,0.0,3.29805,0.1080882549285888,,,
441,Kyle Nicolas,622,-,-11.798161867457662,55.7134,4.32632,1.4589,9.17493,0.0,0.656698,0.1130379512906074,,,
442,Tyler Gilbert,417,1279.2,-11.86650822088673,36.9017,4.49898,1.36501,7.59464,0.0,0.464579,0.1231307759881019,,,
443,Joey Wentz,545,1838.6,-11.868024059246224,62.0487,4.54975,1.41651,8.89454,0.283112,0.202396,0.1299472227692604,,,
444,Josh Winckowski,549,1866.76,-11.884688299013856,56.2722,4.02349,1.35226,7.53164,0.110152,0.309167,0.1197863817214965,,,
445,Stephen Kolek,674,-,-11.901865892845436,40.8448,4.45372,1.39492,7.44104,0.603276,0.0,0.1111995577812194,,,
446,Emerson Hancock,271,691.68,-11.902662494326515,53.3241,4.5449,1.29115,6.45719,2.59389,0.0,0.0897863283753395,,,88.0
447,Bryce Elder,311,791.93,-11.911527359129174,52.9514,4.34703,1.36358,7.42397,2.8335,0.0,0.1086312010884285,,182.0,89.0
448,Luis Peralta,556,1912.08,-11.967164908884964,55.8671,4.40391,1.49693,10.0608,0.0,1.88112,0.128486581146717,,,
449,Shinnosuke Ogasawara,208,479.79,-11.96873796200383,70.6837,4.49222,1.3521,7.16111,2.8271,0.0,0.1093156933784484,,179.0,
450,Zach Brzykcy,514,1760.04,-11.977581328532704,49.106,4.71798,1.37034,8.9405,0.0,0.0430079,0.1286020055413246,,,
451,Chris Roycroft,720,-,-12.028575868455237,35.0397,4.23971,1.42983,8.07712,0.0,0.0,0.0998782366514206,,,
452,Gus Varland,443,1636.41,-12.090167797496344,59.2094,4.54444,1.45324,8.42234,0.0,3.08414,0.1205799356102943,,,
453,Tim Hill,416,1278.3,-12.141301194436815,58.3764,4.16763,1.39575,4.78528,0.0,0.383208,0.0566779300570488,,,
454,Tyler Alexander,435,1598.97,-12.207519744912789,51.1966,4.62329,1.25558,7.65415,0.6828,0.0,0.1491932980716228,,,100.0
455,Garrett McDaniels,568,2017.2,-12.298936991727436,40.5976,4.34558,1.43322,7.79325,0.0,0.0368646,0.1001608520746231,,,
456,Mike Vasil,466,1676.52,-12.363405296705748,36.4294,4.61429,1.37809,7.39537,0.133721,0.0,0.1065404564142227,,,
457,Graham Ashcraft,352,871.61,-12.36761252170001,52.5648,4.37333,1.33413,7.32082,1.34917,0.0,0.1154360920190811,,154.0,100.0
458,Anthony DeSclafani,520,1784.83,-12.43923575326789,50.7241,4.70853,1.33258,7.02896,3.3736,0.0,0.1225827448070049,,,
459,Victor Vodnik,290,752.18,-12.441438758179569,62.858,4.48523,1.50808,8.50754,0.0,4.61655,0.1009389162063598,,,
460,Jairo Iriarte,401,961.15,-12.4504419476277,43.0266,4.69184,1.45945,8.38135,1.60962,0.0,0.0965305119752883,,,
461,Angel Chivilli,543,1835.39,-12.479486277127256,52.584,4.70204,1.40636,8.20977,0.0,0.936206,0.1239833235740661,,,
462,Jack Kochanowicz,277,708.43,-12.480835279455782,91.9334,4.68067,1.36007,5.3182,5.85316,0.0,0.0763262584805488,,172.0,97.0
463,Jordan Wicks,338,850.6,-12.502598884521962,46.1366,4.42959,1.35219,7.97837,1.79297,0.0,0.1217450499534607,,180.0,102.0
464,Yosver Zulueta,842,-,-12.582096506450211,39.3368,4.37959,1.4809,9.01267,0.0,0.0,0.1094782277941703,,,
465,Keider Montero,254,644.85,-12.635543401968564,41.8076,4.473,1.33029,7.68923,1.63239,0.0,0.118171289563179,,160.0,95.0
466,Lake Bachar,858,-,-12.642231788057796,48.4969,4.59967,1.42951,8.49912,0.0,0.045258,0.1184619143605232,,,
467,George Soriano,696,-,-12.643208952485756,40.4895,4.77102,1.40539,8.66817,0.0,0.273736,0.1191453412175178,,,
468,Randy Vásquez,324,828.59,-12.6680596138053,78.1617,4.59541,1.3842,6.75041,3.97165,0.0,0.0951435565948486,,124.0,102.0
469,Tyler Zuber,829,-,-12.694005888803488,37.7384,4.80118,1.40746,8.99296,0.0,0.0487158,0.1188812777400016,,,
470,Ian Anderson,240,588.97,-12.721636559668248,76.2099,4.48264,1.43853,7.65723,4.22756,0.0,0.0941405966877937,,,
471,Trevor Rogers,227,520.05,-12.756771724782782,52.1845,4.4663,1.38632,7.70333,2.38996,0.0,0.1091280579566955,,190.0,92.0
472,Jack Leiter,210,489.82,-12.794925439161398,95.6762,4.95692,1.39041,9.14034,4.64737,0.0,0.1295189410448074,,115.0,103.0
473,Chase Dollander,241,591.1,-12.937316892100808,86.16,4.89857,1.41662,8.52222,5.73138,0.0,0.1211466789245605,,,
474,Bryce Jarvis,669,-,-13.005579016302924,48.1041,4.27881,1.47011,6.57551,0.0,0.0317751,0.0508763566613197,,,
475,Triston McKenzie,206,475.64,-13.066980306401852,89.2277,4.78754,1.42745,8.41039,5.14548,0.0,0.0989993289113044,,150.0,91.0
476,Bryse Wilson,327,831.97,-13.10584383498595,90.8539,4.78807,1.34991,6.7125,3.30333,0.191727,0.1038563102483749,,156.0,96.0
477,Chris Stratton,602,2190.6,-13.112599671458746,55.4219,4.68023,1.43493,7.50925,0.0,1.12056,0.0877714604139328,,,
478,Jordan Leasure,391,933.21,-13.115360858938176,48.7425,4.93931,1.4405,8.55299,0.0,2.36591,0.1054858565330505,,,
479,Caden Dana,234,559.81,-13.24506113258468,62.0196,4.9765,1.35082,7.64159,3.53798,0.0,0.1102826669812202,,,
480,Cooper Criswell,442,1633.98,-13.266867618084271,35.026,4.39907,1.32994,7.03981,0.832869,0.0,0.115699753165245,,151.0,96.0
481,Jake Bird,626,-,-13.46716323501972,42.8785,4.67329,1.4769,7.74485,0.0,0.725223,0.0970256179571151,,,
482,Anthony Veneziano,884,-,-13.520190124795578,49.6436,4.51585,1.49526,8.02319,0.0,0.053207,0.1077957227826118,,,
483,Tanner Rainey,655,-,-13.753492434602382,40.1297,4.89396,1.47133,8.07596,0.0,0.707921,0.0890873596072197,,,
484,Jake Bloss,332,840.87,-13.77334469064869,41.4764,4.77524,1.37568,7.56375,1.97697,0.0,0.1062621474266052,,,
485,Eduardo Salazar,734,-,-13.817815481114357,50.1753,4.38144,1.51545,7.01084,0.0,0.0251889,0.0826705172657966,,,
486,Jared Shuster,523,1796.04,-13.951933284481212,55.9302,4.79314,1.4358,6.7566,0.142736,0.315597,0.0751620009541511,,,
487,Mason Black,470,1683.45,-13.98908808946888,47.439,4.71041,1.39477,8.15406,1.35189,0.0,0.1212461069226265,,164.0,98.0
488,Joe Boyle,266,681.19,-14.020885434011094,48.4213,4.49001,1.48162,10.6653,0.708527,0.0,0.1107496470212936,,142.0,106.0
489,Valente Bellozo,302,784.87,-14.021788110391896,59.0517,4.70597,1.39064,6.52442,2.48707,0.0,0.0906176939606666,,,87.0
490,Hogan Harris,552,1880.05,-14.11820260113076,48.473,4.45587,1.41545,8.17106,0.280365,0.0,0.0980041772127151,,,95.0
491,Ross Stripling,604,-,-14.182661690652084,35.1669,4.77886,1.33635,6.30925,1.04005,0.0,0.1099923104047775,,,87.0
492,Alex Wood,590,2147.6,-14.3349435355498,53.5407,4.7708,1.42507,7.27247,2.61475,0.0,0.0971473604440689,,,90.0
493,Jeff Criswell,828,-,-14.359554641771044,45.6537,4.80536,1.54783,9.67319,0.0,0.0,0.140086255967617,,,
494,Taijuan Walker,366,886.87,-14.46637595503485,60.9373,4.84111,1.38679,6.73437,2.27206,0.0,0.0886750221252441,,,90.0
495,Kyle Hendricks,273,694.45,-14.48937198949008,115.859,5.04,1.377,6.25939,6.56149,0.0,0.0940677002072334,,,87.0
496,Cole Irvin,452,1654.64,-14.519620233603902,49.4366,4.85698,1.35835,6.39898,1.24075,0.258427,0.1032545529305934,,,94.0
497,Cal Quantrill,231,539.48,-14.778417619650227,129.804,4.8551,1.43995,6.59377,7.99958,0.0,0.0785559341311454,,,85.0
498,Lucas Gilbreath,792,-,-15.059689302760678,45.6708,5.01019,1.52348,8.25666,0.0,0.0,0.0917334780097007,,,
499,Justin Lawrence,547,1859.43,-15.253984170204545,62.807,4.89945,1.52917,8.0429,0.0,1.95742,0.0880440771579742,,,
500,Patrick Corbin,270,690.54,-15.473704322641948,86.6094,5.04255,1.43735,6.87275,5.29185,0.0,0.102806344628334,,,94.0
501,Adam Mazur,440,1627.2,-15.487641897579756,39.3957,5.23316,1.4207,6.86963,2.05359,0.0,0.0972259491682052,,,
502,Adrian Houser,493,1728,-15.54913329679199,35.9911,4.86004,1.44251,6.05299,0.932812,0.121271,0.0676611214876174,,189.0,89.0
503,Carson Spiers,644,-,-15.747986428957482,49.9257,5.01981,1.42766,7.96763,0.710558,0.043167,0.1235347762703895,,,94.0
504,Kyle Freeland,226,518.15,-15.914094852017644,150.378,5.10144,1.41709,6.49031,9.53062,0.0,0.1017898172140121,,,88.0
505,Austin Gomber,197,464.8,-16.448227561936534,159.107,5.18926,1.40292,6.34229,9.82757,0.0,0.0978415831923484,,,93.0
506,Kyle Muller,610,-,-16.50029103333187,38.4817,5.67236,1.52195,6.96522,0.0,0.0,0.0927696377038955,,,
507,Adam Oller,796,-,-19.04591751793661,35.4067,5.97149,1.57204,7.05163,0.649555,0.0,0.0629863142967224,,,94.0
508,Antonio Senzatela,579,2070.7,-19.241678144356875,110.848,5.19763,1.47108,5.85608,5.54117,0.0,0.0782708004117012,,,
509,Nick Nastrini,499,1734.64,-20.146300101307943,61.4027,5.68556,1.55641,7.73746,2.04148,0.0,0.0581036508083343,,,93.0
